{
    "start_pose": [
        0.08628694939852355,
        0.06359268497014203,
        0.553529241099744,
        0.014606509946195487,
        -0.9989579627547618,
        -0.018517840881811038,
        0.03907336797774226
    ],
    "goals": [
        [
            0.05886323982361973,
            0.06285798895781691,
            0.651702870051613,
            -0.025662249003838292,
            0.9798964427223594,
            0.02062816105996253,
            0.19677116020244118
        ],
        [
            0.03947754664848679,
            0.06304823065044585,
            0.6853508723443081,
            -0.02070796558216179,
            0.9611422453466416,
            0.023464744315799452,
            0.2742738962162815
        ],
        [
            0.02655994886338908,
            0.06439289109455526,
            0.7232315144112886,
            -0.009593701876130916,
            0.9413723483415252,
            0.009187073011165892,
            0.33710778743861985
        ],
        [
            0.02625724582726496,
            0.06649601705178942,
            0.7668056048596488,
            -0.019382427764210328,
            0.9341124604636953,
            -0.008290458758175313,
            0.35635586285903115
        ],
        [
            0.029851138534071172,
            0.06575431075316851,
            0.8065229826979645,
            -0.03328584647919829,
            0.9343631923716191,
            -0.01915972314214,
            0.3542462168808533
        ],
        [
            0.023348977707103088,
            0.05763683100544903,
            0.8256161168371928,
            0.01863513016976222,
            0.919405749735963,
            -0.11149993936707464,
            0.3767141659098394
        ],
        [
            -0.003049714387019513,
            0.07920484776566183,
            0.8294245070677406,
            0.035436330356205005,
            0.8665000633562017,
            -0.2760234042997283,
            0.4144067892462345
        ],
        [
            -0.028565876258912163,
            0.07084659467219112,
            0.8619713209356525,
            0.21846719219773716,
            0.6898594158390698,
            -0.4560652293055876,
            0.5180449584059825
        ],
        [
            -0.030432325886274873,
            0.06122199329975786,
            0.8586262942582571,
            0.3002684796909533,
            0.5694477087864094,
            -0.5634979356483277,
            0.5177240805506979
        ],
        [
            -0.019203453610805336,
            0.05311370451327524,
            0.8654605263606208,
            0.3927043590115672,
            0.4817880105047373,
            -0.5835281501570654,
            0.5226456709104884
        ],
        [
            -0.028044571283607603,
            0.03513675383574111,
            0.8700959158145374,
            0.401794816693393,
            0.5076645733693268,
            -0.5590216571712463,
            0.5180081013242707
        ],
        [
            -0.04796408868551633,
            0.03534805378253458,
            0.8708578127594725,
            0.4252822931883288,
            0.5663230444180727,
            -0.4941748512483867,
            0.5041868669998828
        ],
        [
            -0.026742439755370332,
            0.01966296584777849,
            0.856362815226563,
            0.4697097059709506,
            0.6227417399965994,
            -0.4298978602130446,
            0.4547013824115081
        ],
        [
            -0.005613396906614114,
            -0.027844884966751637,
            0.8114936624450726,
            0.5278768915423957,
            0.6291369359852498,
            -0.4149292254484385,
            0.3916202765733513
        ],
        [
            -0.0030884547563149777,
            -0.0844561725056091,
            0.7789911281074614,
            0.5409523249286743,
            0.6532410288736317,
            -0.37435294744176206,
            0.3748421148857824
        ],
        [
            0.007170876580562253,
            -0.1366976500421475,
            0.7595789016333974,
            0.5447888389732887,
            0.6710656867039689,
            -0.33808027643155514,
            0.37226024733595975
        ],
        [
            0.021806693723098732,
            -0.17524991172412085,
            0.7638265728765219,
            0.5247032776249501,
            0.6700731293687068,
            -0.3385892229718288,
            0.4013051330783049
        ],
        [
            0.02623599448730529,
            -0.1985396290860345,
            0.7832896309387389,
            0.506591467585802,
            0.654638403012496,
            -0.35115862002393367,
            0.4376085806441634
        ],
        [
            0.01788089080079813,
            -0.18292033180927747,
            0.8125260703402433,
            0.5450380199678098,
            0.6418259943048992,
            -0.36210240662282556,
            0.39984346554877503
        ],
        [
            0.005963060935326388,
            -0.14221098258522402,
            0.8070864550321861,
            0.5820691076161894,
            0.6368813680256223,
            -0.34910667194819645,
            0.36565312609351447
        ],
        [
            0.019771521457385807,
            -0.14556791455589635,
            0.7591505284329897,
            0.6197125325375706,
            0.6286442918458056,
            -0.3301956702359762,
            0.33426568879107404
        ],
        [
            0.04246586525681172,
            -0.18836725012899125,
            0.7656640010636,
            0.5646138062545812,
            0.6364581961978343,
            -0.3466598836305205,
            0.3949166233024226
        ],
        [
            0.034544077949874345,
            -0.22985637681248705,
            0.772580280286552,
            0.534888687759832,
            0.6296647480240268,
            -0.36505983381419077,
            0.4291243578940244
        ],
        [
            0.030187232030008167,
            -0.24225948258557195,
            0.7941328769750756,
            0.5033354290674794,
            0.601616419482781,
            -0.39030566311120357,
            0.4820504320063392
        ],
        [
            0.020508555454220253,
            -0.2031469382086919,
            0.8231592115852944,
            0.5546858308615421,
            0.6000259827242228,
            -0.379474740807845,
            0.43392553530080563
        ],
        [
            0.012924150632207417,
            -0.15339710242326543,
            0.8061763374004746,
            0.5948933422265984,
            0.6350441431232481,
            -0.3390742846215733,
            0.35756045246600604
        ],
        [
            0.018072372062003624,
            -0.14825683688346092,
            0.7510280415649595,
            0.6125532786827333,
            0.6521418796582887,
            -0.3096089702626109,
            0.32191883309883135
        ],
        [
            0.02153498240108642,
            -0.19397054345245235,
            0.7515674248112686,
            0.5944105383640023,
            0.6452411660640661,
            -0.3292544846674871,
            0.3491868179419848
        ],
        [
            0.02184091880642158,
            -0.23213740126772842,
            0.7661763006250507,
            0.5511313165910212,
            0.6284521295279589,
            -0.36788431071313443,
            0.4073859677204684
        ],
        [
            0.009537902994604438,
            -0.2384090786120121,
            0.7928813665253518,
            0.5109451119499506,
            0.5894965274158595,
            -0.3956929561820134,
            0.48461946016130464
        ],
        [
            0.008311908406684939,
            -0.1886439432184669,
            0.8362815624650978,
            0.5217138639009726,
            0.5834792841691762,
            -0.4194977230626259,
            0.4597697570569602
        ],
        [
