{
    "start_pose": [
        0.09705242720481855,
        0.031726414364642075,
        0.5517777417902627,
        0.028035780664987922,
        -0.9987778197355148,
        -0.021592944276221313,
        0.03450516721246039
    ],
    "goals": [
        [
            0.1005232179623553,
            0.04863771711420206,
            0.6538625897284228,
            -0.057507263521464895,
            0.9972112955744401,
            0.02619013440248541,
            0.039706718335805344
        ],
        [
            0.10053813772082931,
            0.05157318713366377,
            0.696903187519764,
            -0.0649952589251586,
            0.9931316961704449,
            0.022324788574259163,
            0.0946924188833589
        ],
        [
            0.08808728949692379,
            0.049666897275983835,
            0.7474898074236384,
            -0.054131820001769755,
            0.9835791963222701,
            0.0020130115866495483,
            0.17215591308370995
        ],
        [
            0.06932002873415788,
            0.048841036067365895,
            0.7831179847933993,
            -0.04847797120982851,
            0.9671697091797472,
            0.022510955012774194,
            0.24844696990898318
        ],
        [
            0.046119941520310175,
            0.045005269866768116,
            0.812927735553357,
            -0.04263574335627321,
            0.9338268175828628,
            0.026638806730499637,
            0.35417515741154887
        ],
        [
            0.02347684471001787,
            0.04066297096846749,
            0.8297895182315592,
            -0.02222483074422723,
            0.9037325793422896,
            0.02549924677500852,
            0.4267590307745449
        ],
        [
            0.004801363767784057,
            0.03492872727976237,
            0.8389804003878096,
            -0.007482763041399985,
            0.8606114815954694,
            0.007525095008697682,
            0.5091515088344793
        ],
        [
            -0.019657933894807748,
            0.031896239572495544,
            0.8320221399669407,
            3.7454572569244205e-05,
            0.8104115984993406,
            -0.004209976642993639,
            0.5858458122335298
        ],
        [
            -0.02639460098420399,
            0.028220698692447255,
            0.828630047915071,
            -0.0021990681963172352,
            0.8000819801599752,
            0.0034416345048585767,
            0.5998767742414234
        ],
        [
            -0.05707676624003189,
            0.022325771299778863,
            0.8154332730954705,
            0.0028341519124918733,
            0.7769010839723797,
            0.004555686573066379,
            0.6295998086287246
        ],
        [
            -0.10895502702416071,
            0.009826457585126791,
            0.8023898261305243,
            0.0051010678789821995,
            0.7715273421189061,
            -0.012745501460795535,
            0.6360480262228193
        ],
        [
            -0.1553638225396896,
            0.0003351905028842195,
            0.7870045445515654,
            0.02508293610320282,
            0.760962255608609,
            -0.008578202259705282,
            0.6482543530910478
        ],
        [
            -0.2114732055521979,
            -0.0022866768869014287,
            0.7866034484679489,
            0.013435184802376451,
            0.7215494433574144,
            -0.01996725199679732,
            0.6919445103818859
        ],
        [
            -0.24129481024795274,
            0.00011800888953195088,
            0.7881992555264764,
            0.0032107801773914183,
            0.7605172076221157,
            -0.027742261219284636,
            0.64871691418041
        ],
        [
            -0.2869893879541497,
            0.00037299190222861434,
            0.7893615428542677,
            -0.010062976968034213,
            0.775851489007895,
            -0.04188556693988122,
            0.6294432482606338
        ],
        [
            -0.3150875934375441,
            0.0012810471901243403,
            0.8007503226119606,
            -0.005534852941855669,
            0.8055108055538857,
            -0.03746402485861891,
            0.5913697273112943
        ],
        [
            -0.3117313580305867,
            0.0038597287100239352,
            0.8174830534532249,
            -0.009864589534807029,
            0.8120025810281588,
            -0.030042693159532962,
            0.5827966496683383
        ],
        [
            -0.2537943355690025,
            0.008825057400649983,
            0.8226442284592966,
            -0.017164514829640976,
            0.8229407452433053,
            -0.0162659607851299,
            0.5676348542582573
        ],
        [
            -0.16243014276192347,
            0.017777166061663796,
            0.8267173909157407,
            -0.056614037637265455,
            0.857178704023395,
            0.007901223885780427,
            0.5118369767536197
        ],
        [
            -0.06876433619650163,
            0.0341955622508503,
            0.8204368290117442,
            -0.09886395949421882,
            0.8653394088291011,
            0.029246894583221498,
            0.4904673732244233
        ],
        [
            -0.018751055271439224,
            0.042972437263147256,
            0.8173192198852068,
            -0.11907256016137738,
            0.8643664404784684,
            0.06557255984751106,
            0.48414111722331804
        ]
    ]
}