{
  "iiwa14_link_0": {
    "centers": [
      [
        -0.004729885944654351,
        -0.006495252452554843,
        0.08341462175912245
      ]
    ],
    "radii": [
      0.093
    ]
  },
  "iiwa14_link_1": {
    "centers": [
      [
        1.6940658945086007e-21,
        -0.05249719769940394,
        0.0839060523497529
      ]
    ],
    "radii": [
      0.05
    ]
  },
  "iiwa14_link_3": {
    "centers": [
      [
        -5.551115123125783e-17,
        -4.870439547686423e-21,
        0.0614432008692643
      ],
      [
        -1.1102230246251565e-16,
        1.5458351186416785e-20,
        -0.04680448627655001
      ],
      [
        -1.1102230246251565e-16,
        0.04464605245146143,
        0.1283692589114867
      ],
      [
        -1.1102230246251565e-16,
        0.036840313519597406,
        0.2121774838276318
      ]
    ],
    "radii": [
      0.05,
      0.065,
      0.05,
      0.07
    ]
  },
  "iiwa14_link_4": {
    "centers": [
      [
        0.0,
        5.551115123125783e-17,
        0.0165661954079295
      ],
      [
        0.0,
        0.0,
        0.039568047775867365
      ],
      [
        -0.0019916173181536156,
        0.0998697241066187,
        0.028582526277318446
      ],
      [
        -0.0103787122130084,
        0.15555895291838528,
        0.0016571181651513318
      ],
      [
        -3.3306690738754696e-16,
        0.049753391293472504,
        0.057660562473509355
      ]
    ],
    "radii": [
      0.05,
      0.065,
      0.06,
      0.05,
      0.06
    ]
  },
  "iiwa14_link_5": {
    "centers": [
      [
        5.551115123125783e-17,
        8.077935669463161e-28,
        0.04485355020449466
      ],
      [
        0.0,
        0.057209387913971094,
        0.09265039781625839
      ],
      [
        0.0,
        0.0,
        0.0
      ],
      [
        0.0,
        4.8467614016778965e-27,
        0.028808435975952396
      ]
    ],
    "radii": [
      0.05,
      0.035,
      0.07,
      0.07
    ]
  },
  "iiwa14_link_6": {
    "centers": [
      [
        0.0,
        0.0,
        0.0
      ],
      [
        -0.0028420150489112395,
        4.440892098500626e-16,
        -0.07216270440991941
      ],
      [
        -0.07500649124331304,
        4.440892098500626e-16,
        -0.07632914552478312
      ]
    ],
    "radii": [
      0.05,
      0.05,
      0.025
    ]
  },
  "sharpa_mount": {
    "centers": [
      [
        0.0,
        0.0,
        0.0
      ]
    ],
    "radii": [
      0.05
    ]
  },
  "left_thumb_DP": {
    "centers": [
      [
        0.018264594265384404,
        -0.002666613649076305,
        1.1102230246251565e-16
      ]
    ],
    "radii": [
      0.01
    ]
  },
  "left_pinky_DP": {
    "centers": [
      [
        0.016220724063211622,
        -0.002629491833974096,
        0.0
      ],
      [
        0.0,
        0.0,
        0.0
      ]
    ],
    "radii": [
      0.01,
      0.005
    ]
  },
  "left_middle_DP": {
    "centers": [
      [
        0.015715543180756186,
        -0.003353552237637225,
        -3.469446951953614e-18
      ],
      [
        0.0,
        0.0,
        0.0
      ]
    ],
    "radii": [
      0.01,
      0.005
    ]
  },
  "left_index_DP": {
    "centers": [
      [
        0.017359918807670294,
        -0.003258761333265081,
        -3.469446951953614e-18
      ],
      [
        0.0,
        0.0,
        0.0
      ]
    ],
    "radii": [
      0.008,
      0.0075
    ]
  },
  "left_ring_DP": {
    "centers": [
      [
        0.017330886306906823,
        -0.004205595492349334,
        1.734723475976807e-18
      ],
      [
        0.0,
        0.0,
        0.0
      ]
    ],
    "radii": [
      0.008,
      0.0075
    ]
  },
  "iiwa14_link_2": {
    "centers": [
      [
        0.0,
        0.0,
        0.0
      ]
    ],
    "radii": [
      0.063
    ]
  },
  "left_thumb_PP": {
    "centers": [
      [
        0.0,
        0.0,
        0.0
      ]
    ],
    "radii": [
      0.01
    ]
  },
  "left_thumb_MCP_VL": {
    "centers": [
      [
        0.028384419655463122,
        -5.551115123125783e-17,
        -0.0003576428869649373
      ]
    ],
    "radii": [
      0.01
    ]
  },
  "left_index_MP": {
    "centers": [
      [
        0.0,
        0.0,
        0.0
      ]
    ],
    "radii": [
      0.0075
    ]
  },
  "left_middle_MP": {
    "centers": [
      [
        0.0,
        0.0,
        0.0
      ]
    ],
    "radii": [
      0.0075
    ]
  },
  "left_ring_MP": {
    "centers": [
      [
        0.0,
        0.0,
        0.0
      ]
    ],
    "radii": [
      0.0075
    ]
  },
  "left_pinky_MP": {
    "centers": [
      [
        0.0,
        0.0,
        0.0
      ]
    ],
    "radii": [
      0.0075
    ]
  },
  "left_hand_C_MC": {
    "centers": [
      [
        3.3306690738754696e-16,
        0.01841901013137861,
        0.039877911194495685
      ],
      [
        1.1102230246251565e-16,
        -0.02344793656952246,
        0.03888873860798647
      ],
      [
        4.440892098500626e-16,
        -0.019996596646599942,
        0.0726270323031345
      ],
      [
        3.3306690738754696e-16,
        0.01981129102017016,
        0.0727695935209125
      ]
    ],
    "radii": [
      0.02,
      0.02,
      0.02,
      0.02
    ]
  },
  "iiwa14_link_7": {
    "centers": [
      [
        -2.7755575615628914e-17,
        0.0,
        -0.044283245938881444
      ],
      [
        -8.326672684688674e-17,
        -1.1102230246251565e-16,
        -0.0983245476017266
      ]
    ],
    "radii": [
      0.06,
      0.07
    ]
  }
}
