{
    "start_pose": [
        -0.059410100881627466,
        0.025261806520960994,
        0.5505245236143564,
        -0.3209584591801845,
        0.0009497833629880104,
        -0.013341742563683699,
        0.9469988190581914
    ],
    "goals": [
        [
            -0.059284959252330245,
            0.02019685847615893,
            0.6527130877472771,
            -0.4702982045643226,
            -0.007214153981306981,
            -0.01787846944045532,
            0.8822969540332639
        ],
        [
            -0.05671166696697783,
            0.020573782972917343,
            0.6851255724237791,
            -0.4398195982806269,
            -0.022510506155170473,
            0.00014329130969731747,
            0.8978039750126454
        ],
        [
            -0.04970392994327311,
            0.018777606400488756,
            0.6996613446636601,
            -0.3174594617374617,
            -0.01697978733023764,
            0.020030924239423226,
            0.9479081912557225
        ],
        [
            -0.03665276618049374,
            0.023587811217053556,
            0.7116685257234762,
            0.13453595857324407,
            -0.007873422882972325,
            0.04221447059683869,
            0.9899777894150517
        ],
        [
            -0.025268698482397215,
            0.037393102097326936,
            0.7326404579255265,
            0.4862170407450274,
            0.007500124714928558,
            0.016896575413127137,
            0.8736425145090628
        ],
        [
            -0.004795561493958993,
            0.049136010124713136,
            0.7464519846277989,
            0.5698497693532552,
            -0.0037332548185379233,
            0.040361130020067734,
            0.8207486109400397
        ],
        [
            0.014359650002158993,
            0.05726945605418854,
            0.7559663409141507,
            0.5590020427171973,
            -0.007757157553099359,
            0.07083646793807687,
            0.826098503542256
        ],
        [
            0.03335997074262886,
            0.06124932429021612,
            0.7665629612955795,
            0.533019495408195,
            -0.0059874930295104045,
            0.07361627265644252,
            0.8428730698285399
        ],
        [
            0.06198695564650613,
            0.06960853853905036,
            0.7741752702574893,
            0.549341466340489,
            8.598475825793983e-05,
            0.10325612639563339,
            0.8291936555035085
        ],
        [
            0.09209222100268566,
            0.07781257222074311,
            0.7848839541190983,
            0.5239832986592049,
            -0.003938400537650155,
            0.0987813193172959,
            0.845971774163511
        ],
        [
            0.12079048229078992,
            0.09293617348801986,
            0.8008606308743206,
            0.48560729649135786,
            -0.02079584367228693,
            0.10851110587712035,
            0.8671668964978058
        ],
        [
            0.14593958400785734,
            0.1026856856244811,
            0.8127690723537943,
            0.5035122197548604,
            -0.025194160196967408,
            0.11576769845113787,
            0.8558262316877351
        ],
        [
            0.17242584403950934,
            0.1128226676117301,
            0.8268233019650391,
            0.47811454733674513,
            -0.026005271162761967,
            0.11757338954223384,
            0.8700038526169181
        ],
        [
            0.19226933814373748,
            0.12064236514464,
            0.8396341470430679,
            0.4999827061401662,
            -0.027759452842819,
            0.12266647477486312,
            0.8568545047468275
        ],
        [
            0.20329080209380634,
            0.12335387729948677,
            0.8457988078938913,
            0.48008694289861237,
            -0.021527931818873802,
            0.11985875450772476,
            0.8687272036593097
        ],
        [
            0.20296776716398202,
            0.12282153049091293,
            0.8444718367402428,
            0.46237380225216473,
            -0.03173938655812081,
            0.12244941036265779,
            0.8776156449344028
        ],
        [
            0.19440832409400532,
            0.12474618433092888,
            0.8416110946363083,
            0.492495608005179,
            -0.03718598072688528,
            0.11552525232363191,
            0.8618115774393786
        ],
        [
            0.1694784517660174,
            0.11818080430420708,
            0.844136406756441,
            0.4621271397230985,
            -0.04215904314473229,
            0.10391404580380559,
            0.8796948294136742
        ],
        [
            0.15269396114783562,
            0.11539969982669673,
            0.8411579580415838,
            0.4845597417840931,
            -0.03639218458078519,
            0.10648895182518055,
            0.8674892326033476
        ],
        [
            0.16645646633720546,
            0.11287226852111898,
            0.844505567213065,
            0.4735387249526811,
            -0.03483640635036145,
            0.10564722048406847,
            0.8737197294137137
        ],
        [
            0.19059368881016459,
            0.10738993761670468,
            0.8477055022526523,
            0.483553408160739,
            -0.02007275083825122,
            0.11800779092356935,
            0.8670913143442612
        ],
        [
            0.20315364955054782,
            0.1046993660569493,
            0.8458756408840938,
            0.5007000541836614,
            -0.015531193485523231,
            0.12013297368644413,
            0.857103439733295
        ],
        [
            0.20228758608410846,
            0.10751127525484416,
            0.842814519124997,
            0.4843957706500126,
            -0.024301011669425,
            0.11132215960393954,
            0.8673970111715499
        ],
        [
            0.177249264332199,
            0.11382256654474543,
            0.8462228980611182,
            0.47657269934252666,
            -0.04159545824382205,
            0.10234392184179239,
            0.8721662695592539
        ],
        [
            0.1757094331658886,
            0.1274416453890418,
            0.8439362645645371,
            0.4886163445105931,
            -0.030702417335434218,
            0.11599096233350789,
            0.8642091911706411
        ],
        [
            0.198383912254522,
            0.13412343933198723,
            0.8401876887613364,
            0.5273353695796231,
            -0.012446233825321729,
            0.13280098045535899,
            0.83912239801115
        ],
        [
            0.20190720134541296,
            0.12978821099326454,
            0.833728425299195,
            0.5711013699194977,
            -0.014552763294496396,
            0.1470998992896864,
            0.807460873346524
        ],
        [
            0.20400490721818065,
            0.11899043603167503,
            0.8184539705730721,
            0.5537467267132535,
            -0.013386694500438945,
            0.13075862948317232,
            0.8222454255758388
        ],
        [
            0.20748265063249594,
            0.10120273625113696,
            0.8225421029887332,
            0.49289886468441574,
            -0.01444641601975094,
            0.11313413285805807,
            0.862579085208686
        ],
        [
            0.20405428077108356,
            0.09628736033914076,
            0.8332876445468154,
            0.44801328827987164,
            -0.03381938233881909,
            0.1054016782364035,
            0.8871475802412061
        ],
        [
            0.1716455229923174,
            0.09946953160416694,
            0.8250351338777945,
            0.5096569633127246,
            -0.021055918744470548,
            0.11648072019329381,
            0.8521963798655386
        ],
        [
