{
    "start_pose": [
        -0.03046729191520903,
        0.043435827704974894,
        0.5532581313590501,
        -0.010434810711464149,
        -0.0010634689491889615,
        0.04068587361840961,
        0.999116931818852
    ],
    "goals": [
        [
            -0.004098016641620854,
            0.034889406087778796,
            0.651144446061502,
            -0.6336621004772641,
            -0.026052698629580817,
            -0.025029350029422654,
            0.7727658966012685
        ],
        [
            0.01795684131401409,
            0.03709407241867391,
            0.6706131327542908,
            -0.8158452391922761,
            -0.0434116906178319,
            -0.0012726111310783607,
            0.5766371053495501
        ],
        [
            0.04394039353618561,
            0.03839717848194357,
            0.6851034800600955,
            -0.8132524139605263,
            -0.07713217653848048,
            0.021098979372700007,
            0.576390467998252
        ],
        [
            0.0623583234376509,
            0.039932982256981386,
            0.6928113156215441,
            -0.7946513993344527,
            -0.08698408676629288,
            0.024366700566069596,
            0.6003075762380095
        ],
        [
            0.08580997919417255,
            0.03606105263937587,
            0.6967252144294738,
            -0.7669118408451892,
            -0.10576052039868189,
            0.02424199848668576,
            0.6325134514030629
        ],
        [
            0.11241349661825006,
            0.03744018334773336,
            0.7009406243366482,
            -0.797450672361845,
            -0.11269579488680104,
            0.005912979509061969,
            0.59273697340203
        ],
        [
            0.1385685891060916,
            0.04167803440001183,
            0.7079909032997065,
            -0.7918868707781099,
            -0.11760675231689122,
            -0.002562861947178423,
            0.5992305628365149
        ],
        [
            0.16580009312447885,
            0.04484339760012035,
            0.716648070126102,
            -0.7783070846266493,
            -0.11131220962460064,
            -0.007419306310505167,
            0.6178937027534152
        ],
        [
            0.19299494732668487,
            0.03950820415554612,
            0.7279843764201898,
            -0.769197458200222,
            -0.11588857081633619,
            -0.022866157045403405,
            0.6279986053443427
        ],
        [
            0.2037173875865832,
            0.031977350759505585,
            0.729599538744733,
            -0.7558096279875214,
            -0.10544699598871665,
            0.005164443776088525,
            0.6462244701330981
        ],
        [
            0.21035199212123445,
            0.03203634589108084,
            0.7302371058218837,
            -0.7631281361815401,
            -0.10689213252624696,
            0.0004764688585221863,
            0.6373455050045513
        ],
        [
            0.2103809154343026,
            0.03531282914264522,
            0.7288397535393768,
            -0.7719169696074554,
            -0.11365476688057119,
            -0.0013390769559355733,
            0.6254798101220153
        ],
        [
            0.20786037585398776,
            0.042046845623142204,
            0.7243270095128357,
            -0.7608849389072607,
            -0.12082378749421352,
            0.026024668355988635,
            0.6370074087140652
        ],
        [
            0.2108254628030246,
            0.0427654749216434,
            0.7117591357039589,
            -0.7350884005805401,
            -0.1173056551842867,
            0.04328476967476964,
            0.6663413954632644
        ],
        [
            0.21218730516603246,
            0.029997211184057293,
            0.7074400581387713,
            -0.7435644906849371,
            -0.1200222646892738,
            0.051055814620581556,
            0.6558199508742749
        ],
        [
            0.21195624623776355,
            0.024892254361672417,
            0.7107820716365452,
            -0.7545609038575777,
            -0.12142107570917415,
            0.037199651343634205,
            0.6438252485598673
        ],
        [
            0.2080349374992948,
            0.023671102184427584,
            0.7103028054587652,
            -0.7619517629541047,
            -0.12388061093863356,
            0.0392314265887128,
            0.6344635531946791
        ],
        [
            0.14464346621670476,
            0.015163635053186297,
            0.7088503617232484,
            -0.7829534387876493,
            -0.10640582346953553,
            0.014208779578531325,
            0.6127477654020891
        ],
        [
            0.07467857704655179,
            0.009158257889473886,
            0.7094470427552478,
            -0.7811311874690876,
            -0.08699291540623166,
            0.001315644162649911,
            0.6182754804395
        ],
        [
            0.037962356340573204,
            0.011275789007373915,
            0.7087953728839924,
            -0.8047168708354583,
            -0.07212708962162706,
            -0.003452852626327914,
            0.5892508112376623
        ],
        [
            0.03200580495672344,
            0.013694098940423616,
            0.7117299739965677,
            -0.7906075386268128,
            -0.07323206615996913,
            0.0006747714368291556,
            0.6079278978924249
        ],
        [
            0.028356919417904077,
            0.012869747404491316,
            0.7092080803148006,
            -0.8205632718968029,
            -0.06922697134931266,
            -0.01245161624650939,
            0.5672111604197019
        ],
        [
            0.02606671213850353,
            0.011166118282292636,
            0.7055104988745808,
            -0.8154282461306303,
            -0.06196421146669451,
            -0.020725684525229916,
            0.5751588110344786
        ],
        [
            0.025795586990851157,
            0.011337106376459571,
            0.7066589310242717,
            -0.8083115722470355,
            -0.05150610768969266,
            -0.029529744528041506,
            0.5857538025743335
        ],
        [
            0.025457525133374067,
            0.011987531691738051,
            0.7096400340599793,
            -0.8179629677114358,
            -0.049699325541042394,
            -0.0300776893419696,
            0.5723302308085028
        ]
    ]
}