{
    "start_pose": [
        0.017891907420138905,
        0.01433750098519826,
        0.5594944113702583,
        0.7265684189136249,
        0.008695016088282936,
        0.021493013816529252,
        0.686702832154974
    ],
    "goals": [
        [
            0.03052466461866243,
            0.01637906620834939,
            0.6521443081080303,
            0.6985583634077166,
            -0.0269344011455519,
            0.08324592447687632,
            0.7101836853983993
        ],
        [
            0.030664108490935257,
            0.015379722719676137,
            0.6813294886297834,
            0.6906854430293526,
            -0.0049911467892425065,
            0.088548486892124,
            0.7176962259272305
        ],
        [
            0.031517556414738405,
            0.022417577927168253,
            0.6952141542755467,
            0.676378425852091,
            -0.11936715263821163,
            0.1647277134962065,
            0.7079042931916755
        ],
        [
            0.04615422459785156,
            0.03593309262087607,
            0.6966244573635878,
            0.6603451938105342,
            -0.2547438075610424,
            0.27510399373263394,
            0.6506670501516009
        ],
        [
            0.05592352129792887,
            0.04558993465667194,
            0.7056658475817832,
            0.6625809426722675,
            -0.2413180858898265,
            0.2809276601883619,
            0.6510235983212066
        ],
        [
            0.06722026557587446,
            0.05525479623320262,
            0.7150612719989955,
            0.6563890460080355,
            -0.2386742758806153,
            0.28599550160140835,
            0.6560446504448332
        ],
        [
            0.08886551013092381,
            0.07270502436302573,
            0.7196385524053615,
            0.6499756916892857,
            -0.25834797405370136,
            0.2941808856851184,
            0.6513413321852851
        ],
        [
            0.11460165143716006,
            0.08905625842453258,
            0.731619738811786,
            0.6675006755736733,
            -0.2302931724821885,
            0.3155670105451765,
            0.6338969669215647
        ],
        [
            0.13765161012059768,
            0.09990701203265562,
            0.7315158495717815,
            0.6706503914195142,
            -0.2526467141683021,
            0.32562543905867325,
            0.6167380025153789
        ],
        [
            0.16093627288612133,
            0.10533358694597994,
            0.7296877468132849,
            0.6695217250054788,
            -0.25371343155189574,
            0.33046941712121713,
            0.6149472487485513
        ],
        [
            0.18427846448065488,
            0.11049490972013687,
            0.7327191854208801,
            0.6718809053339946,
            -0.2644709423853353,
            0.3279888018077248,
            0.6091424427587664
        ],
        [
            0.21082026898867534,
            0.11473789191719252,
            0.7458495037015391,
            0.6752545445945982,
            -0.242024846967983,
            0.33605067124108984,
            0.6103484413127298
        ],
        [
            0.23285872299679145,
            0.11601570018620089,
            0.7622184442050072,
            0.657481698091912,
            -0.25929680525863463,
            0.35693937332166026,
            0.6108005134490165
        ],
        [
            0.25202749436620386,
            0.11554620389585102,
            0.7679464379907301,
            0.6519175344217064,
            -0.26746018385773307,
            0.3707317880100541,
            0.605001255968266
        ],
        [
            0.2560308573216059,
            0.11613650447479695,
            0.7819325845251439,
            0.6339247580512579,
            -0.2702003692557675,
            0.3767727111453457,
            0.6190100853135487
        ],
        [
            0.2580494026723753,
            0.11865618905313002,
            0.8148479898089347,
            0.6271090193626342,
            -0.26339243177294536,
            0.39056199543929576,
            0.6203386433531648
        ],
        [
            0.2527646956773123,
            0.1139496841016473,
            0.8234663827431267,
            0.6302973099776946,
            -0.26190877961476666,
            0.38421617867411306,
            0.6216968877520999
        ],
        [
            0.25219804851812144,
            0.11239699930821545,
            0.7917375980645277,
            0.6469409666806258,
            -0.2712605359042439,
            0.378646015558769,
            0.6037485421868513
        ],
        [
            0.25347415485606795,
            0.11194062590474807,
            0.7730236101292041,
            0.6452780463148893,
            -0.28209609069446795,
            0.36848345103947255,
            0.6068426360012773
        ],
        [
            0.2538151449232693,
            0.11215745876828254,
            0.772759175300582,
            0.6420787016095438,
            -0.28410062431271776,
            0.36887354607662415,
            0.6090599996793276
        ],
        [
            0.2543191290709038,
            0.11759210777922635,
            0.7995793969742725,
            0.6375318153145736,
            -0.24617095042469295,
            0.3738217286860156,
            0.6270648792516664
        ],
        [
            0.2552327531581141,
            0.12858559586530993,
            0.8258789120423271,
            0.6305558322969171,
            -0.26867122391629217,
            0.3937942375045732,
            0.6124877258393473
        ],
        [
            0.2551536645222593,
            0.13446636822362334,
            0.8311495997188474,
            0.6290537542806323,
            -0.2651439534887656,
            0.39107554610578094,
            0.6172924553174568
        ],
        [
            0.2509398566923591,
            0.1322060689018928,
            0.8137544972064175,
            0.6306766242203395,
            -0.2679477331150325,
            0.3859972176237975,
            0.6176221789793808
        ],
        [
            0.24637649496563385,
            0.13262860525858733,
            0.781061674475292,
            0.6471619248114361,
            -0.2556712212493819,
            0.3712725934410892,
            0.6147929172158169
        ],
        [
            0.25203536331340604,
            0.13739237950456173,
            0.771240060219708,
            0.640003273002076,
            -0.28783091699878616,
            0.3691489991335879,
            0.609326013070949
        ],
        [
            0.25732552645278595,
            0.14171108234578977,
            0.8104145801842724,
            0.6285806589059949,
            -0.28502389283740726,
            0.39251151430150477,
            0.6079329296080733
        ],
        [
            0.2570456774404436,
            0.1401373140474098,
            0.8232141516467879,
            0.6271989902028446,
            -0.2817859430862596,
            0.4010734325041412,
            0.605275318104799
        ],
        [
            0.25093258696684795,
            0.13826855689457684,
            0.8219948911947643,
            0.6272587814600555,
            -0.26508684278297623,
            0.3966758535060349,
            0.6155677494068854
        ],
        [
            0.19929903533773896,
            0.1265016341316405,
            0.8220250387023588,
            0.6169757952145416,
            -0.2345292195482891,
            0.35098593649849913,
            0.6641880649919312
        ],
        [
            0.12345482158740773,
            0.099264729553313,
            0.8195970091112041,
            0.6075863987913714,
            -0.2671678744414673,
            0.3284414011089009,
            0.6720017417446054
        ],
        [
            0.06617244336521211,
            0.07906762738190953,
