{
    "start_pose": [
        0.025831474847170296,
        0.025801786779755753,
        0.560028845279411,
        0.7198971082016096,
        -0.010326421680771691,
        0.00572532125736636,
        0.6939803594589194
    ],
    "goals": [
        [
            0.041259267879503174,
            0.032917460613482996,
            0.6512101729869679,
            0.7023663651024731,
            -0.009653594185050518,
            0.049576668107557634,
            0.7100214442334842
        ],
        [
            0.03423384558076303,
            0.02978643311957585,
            0.66187806711361,
            0.6996829548611673,
            -0.07106605076959738,
            0.06211296745680741,
            0.7081916113443227
        ],
        [
            0.034381625957299204,
            0.030472343415259173,
            0.677317902344901,
            0.7016471399361773,
            -0.10623997154112852,
            0.09622492098606591,
            0.6979578239747355
        ],
        [
            0.03252386028742859,
            0.026548227351089193,
            0.6889741791581507,
            0.6890109173242223,
            -0.13743948129567007,
            0.14776113117042344,
            0.6960897879616157
        ],
        [
            0.03597416930544061,
            0.025509282692015245,
            0.6882699887477495,
            0.6786018886128065,
            -0.18464503675887844,
            0.17447824490481495,
            0.6891756156643821
        ],
        [
            0.06688910157270722,
            0.025893247172220635,
            0.6904510378415547,
            0.6719322468071838,
            -0.17389255657354474,
            0.17233087083848891,
            0.6989781866589366
        ],
        [
            0.10740393164501849,
            0.02421749210335733,
            0.694090175337649,
            0.6938318145341982,
            -0.18416345147089652,
            0.2002868456836603,
            0.666758138854411
        ],
        [
            0.15246853054154696,
            0.024965334591147803,
            0.693037552672251,
            0.6989914059287734,
            -0.21174878540303976,
            0.20463617848209661,
            0.6516881929069284
        ],
        [
            0.19748216658050655,
            0.020536062639579744,
            0.6841268905832499,
            0.6780272743449306,
            -0.21833717298482103,
            0.2275128759703157,
            0.6639621867283529
        ],
        [
            0.21845507774657036,
            0.016997383518624454,
            0.6786329755661419,
            0.7036857075061232,
            -0.19057877758957875,
            0.259247105175437,
            0.6334801441578299
        ],
        [
            0.23048975993596232,
            0.01782458815125454,
            0.6742372775085368,
            0.6992430548593325,
            -0.19570972227912464,
            0.2685468810449367,
            0.6329608420095616
        ],
        [
            0.23920226227339614,
            0.016769085855685817,
            0.6701931812383324,
            0.7056378413662845,
            -0.18039075573428487,
            0.26363953138779955,
            0.6324781494780398
        ],
        [
            0.24449048216143254,
            0.01629195412804796,
            0.6724214994246972,
            0.7068613599295508,
            -0.1601496548652962,
            0.2682938793840015,
            0.63460026801929
        ],
        [
            0.24738219804995176,
            0.019833961509534204,
            0.6897614312161957,
            0.7052555293374438,
            -0.16022401770932182,
            0.28251006202368817,
            0.6301832807552232
        ],
        [
            0.2472109226194128,
            0.023292442032438854,
            0.7111623327522691,
            0.6897931432137954,
            -0.1940673038070171,
            0.2897418393386312,
            0.6344863810240329
        ],
        [
            0.24807388706947375,
            0.024865258628286813,
            0.708476426603256,
            0.6782613665445685,
            -0.23564869835754254,
            0.30741126015488357,
            0.6244433735299598
        ],
        [
            0.24686529250823686,
            0.02415456462557375,
            0.6894618001911827,
            0.681673416139645,
            -0.23586244381521404,
            0.29185290235213296,
            0.6281020177603774
        ],
        [
            0.2490217546424497,
            0.02989741990873207,
            0.6729407530599009,
            0.6865623529542297,
            -0.2513647442243172,
            0.29351753927155466,
            0.6158695925331644
        ],
        [
            0.24793032993376585,
            0.02837213900284774,
            0.6680652021303891,
            0.6907470288965398,
            -0.2241499458932904,
            0.2903418677889881,
            0.623158843021135
        ],
        [
            0.2465115282913546,
            0.02875467662478748,
            0.6723653361921273,
            0.6959961514488757,
            -0.18831126013422017,
            0.2787841195000527,
            0.63435608390682
        ],
        [
            0.24618122163967837,
            0.03350721280509972,
            0.6904850691099012,
            0.6898602464180644,
            -0.18330418559818207,
            0.2821498272806895,
            0.6410022550035781
        ],
        [
            0.24864937843750812,
            0.04352497124790933,
            0.706700930096695,
            0.6924928949048603,
            -0.224190045991152,
            0.2899433327825673,
            0.6213897951847204
        ],
        [
            0.24996813481363145,
            0.04416973322744877,
            0.6981046096734171,
            0.6716305271024551,
            -0.2708809518718075,
            0.306187346147169,
            0.6178877357873805
        ],
        [
            0.24880498240458981,
            0.046306622846198575,
            0.6728990053015559,
            0.6746609082161932,
            -0.26576048957378184,
            0.2963796933120527,
            0.6215811278495019
        ],
        [
            0.24633665370151736,
            0.04942660788347819,
            0.6677930328784604,
            0.6798272031198487,
            -0.2501074614719615,
            0.2839394721812547,
            0.6282193946001075
        ],
        [
            0.24496366671037106,
            0.04946079558883365,
            0.6650668722024686,
            0.6890231922959075,
            -0.2253735339711299,
            0.28103980632858844,
            0.6288644034468083
        ],
        [
            0.25165957139292316,
            0.05377144191674321,
            0.6806828276680462,
            0.6745314368427164,
            -0.2587457654479245,
            0.28986164000622916,
            0.6277246205356031
        ],
        [
            0.25088484367121844,
            0.05211629397948814,
            0.7039634243306978,
            0.6654552731768779,
            -0.27448894611172725,
            0.3019952751509567,
            0.6249991613194835
        ],
        [
            0.2483547973634772,
            0.04945140421239891,
            0.6977250256166037,
            0.6708105101115963,
            -0.25932396467250696,
            0.3089411727750934,
            0.6223501366873004
        ],
        [
            0.24578486930390087,
            0.04844217292917774,
            0.6767941144250298,
            0.685888222892735,
            -0.2262350899690756,
            0.2975566002696715,
            0.6243677597375481
        ],
        [
            0.2350024870395896,
            0.0492764666166694,
            0.682380064749045,
            0.6906432232012887,
            -0.1818883813567712,
            0.2747133983787208,
            0.6437865358368119
        ],
        [
            0.19372565848089363,
