{
    "start_pose": [
        0.06800833480302415,
        0.08594741307439036,
        0.5482897636102742,
        0.015398231572753373,
        -0.9993909029546049,
        0.021804919343234294,
        0.02247805704338258
    ],
    "goals": [
        [
            0.06807146748321702,
            0.11008599849480816,
            0.6508618850060214,
            0.07600745345967788,
            -0.9958116337428758,
            0.05056487559886412,
            0.005024985232922897
        ],
        [
            0.06359369709959306,
            0.12102315967754396,
            0.6614407378266992,
            0.14833227617362654,
            -0.9874615984259204,
            0.04825619069140588,
            0.024258349886835773
        ],
        [
            0.07213840500543245,
            0.12897189815906018,
            0.6637114052857265,
            0.21912116068071077,
            -0.9750122362594802,
            0.033588631866051696,
            0.014451985870207365
        ],
        [
            0.07324157726342995,
            0.1395852073999473,
            0.6504890434136895,
            0.30257894162134213,
            -0.9510931289648047,
            0.05708987575705159,
            0.02466962118252261
        ],
        [
            0.05562666972460383,
            0.15424380879980415,
            0.6660240661725236,
            0.3653573868198564,
            -0.9288445805529832,
            0.05924278034046244,
            0.015875076410847667
        ],
        [
            0.03738186804566445,
            0.17574385327845943,
            0.675062405650853,
            0.4322028372868099,
            -0.8980378814390122,
            0.07917221023996715,
            0.021457680850462756
        ],
        [
            0.031537163326221355,
            0.1869622123432788,
            0.6803028922018004,
            0.49310647002535063,
            -0.8648158514331503,
            0.09239076067325891,
            0.020087301245059242
        ],
        [
            0.026949478149107527,
            0.17468097878933353,
            0.6365006118689392,
            0.5477669683722949,
            -0.8165520455871477,
            0.13872421654707476,
            0.11810883519478978
        ],
        [
            0.057834557783709044,
            0.17423572709597734,
            0.6437353585435123,
            0.5892298896714493,
            -0.794699627657977,
            0.1242224765314612,
            0.07635060734817631
        ],
        [
            0.06405601303137742,
            0.17737933725529242,
            0.6853214785953352,
            0.6527561574713806,
            -0.756207765621308,
            0.04521960090524154,
            0.0037949691958900347
        ],
        [
            0.07388647348763333,
            0.17548116872851294,
            0.6912282452323297,
            0.6895003035373463,
            -0.7237076361511142,
            0.02862926306228035,
            0.004117535061674594
        ],
        [
            0.08445968559563333,
            0.17997412539658897,
            0.6974725292925001,
            0.7233049454732666,
            -0.690501086374609,
            0.006180760363963426,
            6.140621034727608e-05
        ],
        [
            0.09747588492347659,
            0.17748233923484447,
            0.694058362698787,
            0.7323570194187224,
            -0.6808809878387664,
            0.0011079861699330835,
            0.007283465828722935
        ],
        [
            0.11128168369585112,
            0.18170214261725937,
            0.6893718780443499,
            0.7595092586356015,
            -0.6502766109897938,
            -0.0059855170257001825,
            0.01581735857727839
        ],
        [
            0.12194715894090946,
            0.17897112566598272,
            0.692703012616454,
            0.7911996229234939,
            -0.6113501914595612,
            -0.01592226172873477,
            0.0007626726170626918
        ],
        [
            0.13172368624004094,
            0.1833260168274563,
            0.6907513723686768,
            0.8208363372635248,
            -0.5706732675517905,
            -0.022002954073885656,
            0.008694776684059208
        ],
        [
            0.13195896914786964,
            0.18472712981682538,
            0.6905319578359657,
            0.813952715136738,
            -0.5805813839632304,
            -0.017449270399211132,
            0.010087471408021825
        ],
        [
            0.11981260988446985,
            0.17889636788085883,
            0.6960707556366511,
            -0.7338203893546938,
            0.6792190591418477,
            0.010612064307905253,
            0.007515980103307978
        ],
        [
            0.12484921548614858,
            0.16382702521913706,
            0.6774118087463368,
            -0.5832741616191894,
            0.8122286211726052,
            -0.004879745515312501,
            0.007218546888818539
        ],
        [
            0.11847171249856725,
            0.16154761137712903,
            0.6824443147802811,
            -0.6042030449367503,
            0.7967228487168373,
            -0.012165988638065716,
            0.004834412285445325
        ],
        [
            0.1196217349522204,
            0.17453961902460602,
            0.6948659994120355,
            0.7446821634456429,
            -0.6670083874698519,
            -0.016727438405490576,
            0.016385337810838358
        ],
        [
            0.14470013091913025,
            0.17480748946466862,
            0.6916179210035525,
            0.7893501092012065,
            -0.6137912594579759,
            -0.013656233607862995,
            0.00044966730240029513
        ],
        [
            0.14843710053303993,
            0.17263573226558993,
            0.6900320446048985,
            0.8006713042442509,
            -0.5986742154358563,
            -0.021697291945690447,
            0.006623734165501947
        ],
        [
            0.14722214652741272,
            0.17779997893805943,
            0.6890380689284701,
            0.713999020091725,
            -0.6999930412645267,
            -0.014667374289527205,
            9.808539929276952e-05
        ],
        [
            0.14070471791594508,
            0.1649904351372644,
            0.6766733783617799,
            0.5576748584453934,
            -0.829333446629977,
            0.03460028556124523,
            0.0027580423916105136
        ],
        [
            0.12674443572408867,
            0.14185678622364428,
            0.6168242513614889,
            0.4872596896547739,
            -0.8550691332946776,
            0.09215201146852793,
            0.15146873904052333
        ],
        [
            0.1426341242868957,
            0.17162659347084652,
            0.6845962393355891,
            -0.6093328083038239,
            0.7927343618685154,
            -0.01681275836742223,
            0.001758235926295044
        ],
        [
            0.14735154689827623,
            0.18418809710689277,
            0.6983816898318311,
            -0.7555005216612115,
            0.6548269049731044,
            0.003046638112298467,
            0.020283103539514458
        ],
        [
            0.15956495636582102,
            0.1905834675971153,
            0.6917330858876692,
            -0.7753253180505966,
            0.6312249060921069,
            0.01354796678987528,
            0.01556347373218704
        ],
        [
            0.15435420780930842,
            0.18746222246416422,
            0.6802014734405768,
            -0.6712717389071206,
            0.740726886612472,
            -0.017313738332928062,
            0.020449118781597005
        ],
        [
            0.1266376114886032,
            0.16656347244491532,
            0.636838082393003,
            0.5334703675249339,
            -0.8380604670165989,
            0.09418760579595488,
