{
    "start_pose": [
        0.10964212432374565,
        0.05731781420714077,
        0.5498402402360318,
        0.022423567732318832,
        -0.9991131768598976,
        0.025734957847727325,
        0.024652695180282735
    ],
    "goals": [
        [
            0.11312175258346857,
            0.07127692590596701,
            0.6514243583258126,
            0.0807168118061826,
            -0.9962266371937417,
            0.030384518371295702,
            0.009698694800802283
        ],
        [
            0.11058443642656213,
            0.07392123655472171,
            0.7219653911723516,
            0.09551853980026569,
            -0.9952235667127527,
            0.019717079145159237,
            0.004183013740723477
        ],
        [
            0.10165828828367429,
            0.07441581203075442,
            0.7649153783090475,
            0.09679819245673782,
            -0.9950329465598242,
            0.021437116833327198,
            0.008944004665519681
        ],
        [
            0.09796823688160039,
            0.07971185236698775,
            0.7936331084880558,
            0.09941981855983695,
            -0.9946289843047543,
            0.02873917471606999,
            0.0017155451205834692
        ],
        [
            0.0883090276538937,
            0.08139086508405402,
            0.8215425390735827,
            -0.10690882597542563,
            0.99390137058095,
            -0.023415252315440293,
            0.013501646005960332
        ],
        [
            0.08582639602630349,
            0.0842590439945663,
            0.8306966464986301,
            -0.11754745906701308,
            0.9925312796779104,
            -0.025640504793594136,
            0.02016973578776567
        ],
        [
            0.08755740574166837,
            0.08463075117400298,
            0.8237325121965431,
            -0.14126397818367084,
            0.9875865316624203,
            0.06853850694816223,
            0.004450169887971223
        ],
        [
            0.0836689073435467,
            0.07614376550433155,
            0.8211287894397786,
            -0.09440265800688398,
            0.9940051144440982,
            -0.04240182796134222,
            0.03527117244645289
        ],
        [
            0.08279847870554147,
            0.09587023976113107,
            0.8105500826754798,
            0.17805406424029205,
            -0.941915504973266,
            -0.2816150416753086,
            0.042248076887421576
        ],
        [
            0.08107398551607192,
            0.09550739269371378,
            0.8078960537931756,
            0.1095321318250465,
            -0.9069333596099964,
            -0.39984728964927674,
            0.07481135130788658
        ],
        [
            0.08204142245606283,
            0.09958684124916672,
            0.7959657991053732,
            0.09900312916495778,
            -0.7059414200678927,
            -0.6828911073511653,
            0.15970230852674655
        ],
        [
            0.08329857026830412,
            0.09991854905264574,
            0.7898798933974109,
            0.10679553413085759,
            -0.6890362701490096,
            -0.6994949791096242,
            0.1566221775779917
        ],
        [
            0.07715163149124282,
            0.09839985521913364,
            0.7861410020349575,
            0.08190622589432131,
            -0.6888765345635324,
            -0.7045310848453155,
            0.1495875689159019
        ],
        [
            0.0387183400218316,
            0.08422806488580203,
            0.7743714978270069,
            0.03530597180045747,
            -0.6751154746168161,
            -0.7244405870419248,
            0.13475318227963332
        ],
        [
            0.003914684026207811,
            0.06186920309343891,
            0.7623954002210784,
            0.035271495498081964,
            -0.6961892469658054,
            -0.7117798687592173,
            0.08628946890336328
        ],
        [
            -0.01588796748295163,
            0.05614027224767548,
            0.7431494820460718,
            0.03676112304374507,
            -0.683686754771993,
            -0.7267132655911981,
            0.05575724881735795
        ],
        [
            -0.019480619535948766,
            0.056846769521528784,
            0.7366260520786744,
            0.02585025738153081,
            -0.6952900551115369,
            -0.7151811877399139,
            0.06647835857804033
        ],
        [
            -0.016025175493084468,
            0.062426088823403836,
            0.7223238619105603,
            -0.08413151854092245,
            -0.6982523149641129,
            -0.6806798207569742,
            0.20503798148028285
        ],
        [
            -0.019466285494491812,
            0.06829220662067703,
            0.7164291628463144,
            -0.2215598405077933,
            -0.6633748901174962,
            -0.6319546959908547,
            0.3338835941624981
        ],
        [
            -0.014717316472020351,
            0.06891640981190739,
            0.7163055713178224,
            -0.1259732270053379,
            -0.6781600816161226,
            -0.6812248436659041,
            0.24528017072857722
        ],
        [
            -0.025384875913117336,
            0.05580480572145796,
            0.7072257441678813,
            0.0281555718328742,
            -0.6865639749169982,
            -0.723512492497294,
            0.06608211044820485
        ],
        [
            -0.0367675743371177,
            0.0485834198466466,
            0.6982194042908141,
            -0.13628303607546546,
            0.6791635439274545,
            0.7193252026171099,
            0.05229787335836501
        ],
        [
            -0.037571863501032816,
            0.04940996619760707,
            0.6952116988386046,
            -0.13589187139279324,
            0.6819468128695623,
            0.7166088576072631,
            0.05434785097153299
        ],
        [
            -0.030530845204404303,
            0.056509746247014436,
            0.6883108861015325,
            0.07112073683827229,
            -0.7060112683829163,
            -0.7033211162234073,
            0.04277075148027762
        ],
        [
            -0.028652628227645808,
            0.06022282490095887,
            0.6884027350238544,
            -0.08873830826509041,
            -0.7063832778505714,
            -0.6654213575358062,
            0.22441611874938303
        ],
        [
            -0.02951510966072646,
            0.06746306646576028,
            0.689546823238184,
            -0.23762362876653037,
            -0.6384842851280157,
            -0.658532208460398,
            0.31970010809611055
        ],
        [
            -0.01967285652429152,
            0.07018157867025665,
            0.694780226431135,
            -0.1108018281470581,
            -0.6929608618134742,
            -0.6670584203399035,
            0.25012249544499177
        ],
        [
            -0.024274109772297107,
            0.0628404420428108,
            0.6897107968804164,
            0.03787429385650034,
            -0.6730366224028485,
            -0.7339220063782348,
            0.08334105424808921
        ],
        [
            -0.032063953915103756,
            0.05798634775056055,
            0.694680492369213,
            -0.14405108695206303,
            0.6687140140717676,
            0.7287105560348422,
            0.032431115542695815
        ],
        [
            -0.03572672292804286,
            0.05758216090276769,
            0.7001252907448355,
            -0.1546263440548895,
            0.6799160537310721,
            0.714790421098352,
            0.053661042750072344
        ],
        [
            -0.030469765388888907,
            0.06114768031851392,
            0.6868020358050787,
            0.10437589842358783,
            -0.7170420484358699,
            -0.6885148906215713,
