{
    "start_pose": [
        0.0007053400880538364,
        0.03615152907360053,
        0.5501651905249406,
        0.44262162671107125,
        0.009997628064351227,
        0.021857134216425694,
        0.8963863054981248
    ],
    "goals": [
        [
            0.007486873618967489,
            0.05764214207418483,
            0.6513320544586672,
            0.2813735523493493,
            -0.01747786656041117,
            0.00966429645799775,
            0.9593904573179663
        ],
        [
            0.0007847462315991828,
            0.057552630155984774,
            0.6689912625431882,
            0.3031513088508785,
            -0.016124009619449042,
            0.013179968220602929,
            0.9527148517229567
        ],
        [
            -0.0058820992129733395,
            0.06120212626613042,
            0.6797813060158644,
            0.347377005642103,
            -0.012278954546238285,
            0.022283184387765005,
            0.9373803405874898
        ],
        [
            -0.0071778547195200425,
            0.06579406373381147,
            0.6892172480540334,
            0.2309815775468069,
            -0.026713910106736072,
            0.01948285059623135,
            0.9723961622576687
        ],
        [
            -0.011225588168984005,
            0.06965964110115164,
            0.6957319357474397,
            0.12173867373889287,
            -0.02124155300472652,
            0.033808656496040874,
            0.9917587743439308
        ],
        [
            -0.008908055494654236,
            0.07641760320026636,
            0.7136045375648251,
            0.08552319506983881,
            -0.02894631560012384,
            0.03367913766088454,
            0.9953459748271667
        ],
        [
            -0.005210055289943565,
            0.0815640277894718,
            0.719846442782342,
            0.0740170303584509,
            -0.018670805234883403,
            0.049199701228512485,
            0.9958675964443379
        ],
        [
            0.006362722433391417,
            0.09086397170970428,
            0.7252095806267584,
            0.04667279927550178,
            -0.02267505283334381,
            0.05937386337460778,
            0.996886270411408
        ],
        [
            0.015246703490381482,
            0.10309343723920972,
            0.7449224274749523,
            0.09866898712137906,
            -0.02882742271044303,
            0.052132543829263245,
            0.9933355971443915
        ],
        [
            0.028873227380091123,
            0.10829271929751139,
            0.7574805997813253,
            0.04965990925402787,
            -0.04970229933615722,
            0.06809500321696872,
            0.9952018113882535
        ],
        [
            0.04965585523510795,
            0.11530174872903454,
            0.7774380478720606,
            0.05299123891032763,
            -0.03619208550016284,
            0.05959497097871072,
            0.9961578695066079
        ],
        [
            0.08225860975743438,
            0.11959281783463038,
            0.799973565709115,
            0.1722709593940786,
            -0.033414266029568984,
            0.06900437797780812,
            0.9820614029657436
        ],
        [
            0.1103496466126781,
            0.12564408187506315,
            0.8141264365207801,
            0.3200086397928672,
            -0.03747916654386274,
            0.07179411570351625,
            0.943946707967906
        ],
        [
            0.14047391942053133,
            0.13319812057029123,
            0.8336940457538837,
            0.28391721253555136,
            -0.03798790202924096,
            0.06906121060211166,
            0.9556037279728612
        ],
        [
            0.16493429651577207,
            0.13586219668480382,
            0.8465283999406393,
            0.4196244025266064,
            -0.03746287257766345,
            0.07444905080282467,
            0.9038635034212728
        ],
        [
            0.18333196285824405,
            0.14045157280201748,
            0.8533811419923983,
            0.48759149095897025,
            -0.031039368239305976,
            0.06782566494680012,
            0.8698797472859322
        ],
        [
            0.19441151781708532,
            0.14489413015720576,
            0.8563536171820607,
            0.4926205173129261,
            -0.025878464944483537,
            0.06838280278830308,
            0.8671672983094314
        ],
        [
            0.1972566274770231,
            0.14764861169606902,
            0.8598220622176214,
            0.5286243284267929,
            -0.016101912102986393,
            0.06688707704931736,
            0.8460633349494284
        ],
        [
            0.20121486814250267,
            0.1471502675914227,
            0.8588631253118515,
            0.6089887001737654,
            -0.009414805876589272,
            0.06380472036749708,
            0.7905523905155173
        ],
        [
            0.20834857450266953,
            0.14379540233411559,
            0.8573854666894747,
            0.8166225487689117,
            0.0240790155289351,
            0.05924610031043143,
            0.5736180902406498
        ],
        [
            0.21190076525736667,
            0.1439670268851888,
            0.8549918254496047,
            0.8432356929566436,
            0.018601669722310477,
            0.07182659508758622,
            0.5323988018821934
        ],
        [
            0.20812347776295892,
            0.14322296984956773,
            0.8566596010510291,
            0.8296724517340828,
            0.016475812499195275,
            0.05546064593401033,
            0.555244349083023
        ],
        [
            0.18580096116910683,
            0.140585314687673,
            0.8549731540872442,
            0.8270484306858457,
            0.010352784555580086,
            0.05384228194043861,
            0.559450374767478
        ],
        [
            0.15710514933251762,
            0.14063400946170457,
            0.8541271157904691,
            0.8400985011216594,
            0.002196537624139294,
            0.04777150395122722,
            0.5403217254986553
        ],
        [
            0.14949977150841687,
            0.14045861480992639,
            0.8541971770130904,
            0.8621855755083455,
            0.02224319328931068,
            0.05335929065125197,
            0.503283279911853
        ],
        [
            0.1730550187493226,
            0.13443450346257613,
            0.8549331895363736,
            0.8743432347611038,
            -0.0012628498292197587,
            0.046964420583202465,
            0.483028628796557
        ],
        [
            0.19834029384041962,
            0.12442588786344977,
            0.854426016342246,
            0.8785794962915761,
            0.012972397747770648,
            0.04598299577228717,
            0.4752003258548127
        ],
        [
            0.2109748050398511,
            0.11962718556633067,
            0.858187853833186,
            0.8996220220826451,
            0.03871808631979451,
            0.04366848719679373,
            0.432751880875877
        ],
        [
            0.2133549571247637,
            0.11936469688260687,
            0.8555226894297636,
            0.8699591879744609,
            0.035148755075605664,
            0.058201465225016194,
            0.4884139286723025
        ],
        [
            0.19602762512455818,
            0.12133177121557437,
            0.854208079865505,
            0.8421750438848127,
            0.017081162813536888,
            0.048591919488183595,
            0.5367385347587826
        ],
        [
            0.17229932579709617,
            0.1277134828726597,
            0.8535912945723146,
            0.8393388596806115,
            0.010596673209022689,
            0.045988511915763024,
            0.541556133672887
        ],
        [
