{
    "start_pose": [
        0.01306997726970571,
        0.03544438294549135,
        0.5502337025286513,
        0.49365024769128735,
        -0.009175904697824588,
        -0.011065671444839017,
        0.8695417106975272
    ],
    "goals": [
        [
            0.019284286836844796,
            0.03166256248779531,
            0.651931895968676,
            0.27923513170841324,
            0.00717836293303753,
            0.014088752908164205,
            0.9600925577083077
        ],
        [
            0.0070769255467573134,
            0.03151789879134359,
            0.700873010984352,
            0.1733569973397729,
            0.004153424184665577,
            0.0014458385157609527,
            0.9848492321629067
        ],
        [
            0.008059419567446487,
            0.039694254595553424,
            0.7131987296941882,
            0.12485526586631485,
            0.010863866652104592,
            -0.0037955741445116157,
            0.9921082262554479
        ],
        [
            0.008832947889803485,
            0.041294196551117546,
            0.7147314980416677,
            0.18925310064687761,
            0.004420682879041071,
            -0.03222395001165889,
            0.9813894937811757
        ],
        [
            0.02945838926384858,
            0.039117111729696896,
            0.7156700222997494,
            0.06280206776469671,
            0.005515050036991376,
            -0.0027276938703973395,
            0.9980070361443936
        ],
        [
            0.0574685984120643,
            0.039853911771102646,
            0.7181950284842136,
            -0.005741808675555944,
            -0.001117492960796329,
            0.02178670338575661,
            0.9997455288213083
        ],
        [
            0.08849880679826372,
            0.03895174402382917,
            0.7252863287165869,
            0.15442353642364684,
            -0.006523088161749291,
            0.012046252939411504,
            0.9879097673924319
        ],
        [
            0.11650671160807824,
            0.03497694952435193,
            0.7232032479997376,
            0.16202716435386394,
            0.00434447823661499,
            0.030368702995911594,
            0.986309315275205
        ],
        [
            0.14451007369922275,
            0.031795550645042914,
            0.7270162296345742,
            0.24748060709599007,
            0.009124743169291682,
            0.0542120516568823,
            0.9673319707466753
        ],
        [
            0.17554860547147788,
            0.025401473495034854,
            0.733656588786401,
            0.24259383806182483,
            0.01638885730398243,
            0.09874933900010031,
            0.964949844881974
        ],
        [
            0.19797952532188146,
            0.019034505224576392,
            0.7327689027138989,
            0.38567365098783124,
            0.03257381537596127,
            0.1314894044825762,
            0.9126364654090842
        ],
        [
            0.20531174524053442,
            0.015098207677985531,
            0.7372979210895269,
            0.5756769885262082,
            0.06533363156305516,
            0.11698848516522298,
            0.8066233419675662
        ],
        [
            0.21661547224131317,
            0.016323683490446328,
            0.7382972699467683,
            0.7968423374915871,
            0.1050358564426942,
            0.0933705781261233,
            0.5876152594876064
        ],
        [
            0.22034328768718925,
            0.014506862372939966,
            0.7363812210770869,
            0.8572706209507558,
            0.12474729878457602,
            0.09892541740318735,
            0.4896314488390861
        ],
        [
            0.2173358738047334,
            0.014557505035433405,
            0.7366155326046846,
            0.871383710907621,
            0.13576567627282043,
            0.09705813458023657,
            0.4613435032845397
        ],
        [
            0.218712137030031,
            0.02156195257366922,
            0.7328600819841935,
            0.8882217085691578,
            0.13856278618934553,
            0.09399013688246351,
            0.4278181913836148
        ],
        [
            0.21914743447050944,
            0.02101899112006489,
            0.7228600495950434,
            0.864308472085745,
            0.1505727350651933,
            0.10619171031818886,
            0.46799790298193605
        ],
        [
            0.22123842806435157,
            0.020558309487796023,
            0.7181300804850783,
            0.8729618939660285,
            0.14869130762874305,
            0.10442320231730871,
            0.45268556585857345
        ],
        [
            0.22326931665105143,
            0.016040518897252554,
            0.7140852554637918,
            0.8925136989308825,
            0.15992983476446437,
            0.0960457987951221,
            0.4106299425355293
        ],
        [
            0.22474021282379686,
            0.008449084075931257,
            0.7192736655559695,
            0.8967555736987404,
            0.16004886910596677,
            0.09564442793784504,
            0.40133021807806407
        ],
        [
            0.22376673993724905,
            0.0035277792208944225,
            0.7223694199193571,
            0.8819903406650205,
            0.15066147215212788,
            0.1057431520761705,
            0.43383469844118133
        ],
        [
            0.21437006391375324,
            0.0025950905449529937,
            0.7220873494283229,
            0.8899624827696252,
            0.14514319199094394,
            0.10252264631366212,
            0.419987309420235
        ],
        [
            0.18701223599468075,
            0.001164496719205932,
            0.7203854008662368,
            0.881803529721453,
            0.15464925727348044,
            0.10099151418893756,
            0.433943379091527
        ],
        [
            0.15537804678045597,
            0.0007975118803411618,
            0.7219778107066093,
            0.8482236408996733,
            0.1588881452108517,
            0.10607707660263863,
            0.4939826577419448
        ],
        [
            0.11957282003347325,
            0.0016650175022546732,
            0.7234826183104188,
            0.7033294992799262,
            0.1106964507363083,
            0.12821154619644984,
            0.6903880869908955
        ],
        [
            0.08652435717485596,
            -0.0004892056388553501,
            0.7259286648477297,
            0.8020310613745137,
            0.09168585229206383,
            0.09542614646270924,
            0.5824377491639999
        ],
        [
            0.0682384231843226,
            -0.0009134705554967315,
            0.7268849444539457,
            0.7567196749135359,
            0.07004736622760765,
            0.10436446263092512,
            0.6415424841918781
        ],
        [
            0.06643231336614741,
            0.002107486042507878,
            0.7267382611221869,
            0.8768011249042931,
            0.10175182255225851,
            0.08617430937639216,
            0.4619960415169827
        ],
        [
            0.06503017969773073,
            0.0037127240884700097,
            0.7278878171472689,
            0.959185468667086,
            0.11293015735315876,
            0.06218709714901048,
            0.25167991816247975
        ]
    ]
}