{
    "start_pose": [
        0.11627957054496285,
        0.013055978361847909,
        0.5589541460005432,
        0.042196894099192056,
        -0.9288237899278463,
        -0.36594618428424364,
        0.039864515552755456
    ],
    "goals": [
        [
            0.12147547875296094,
            0.03145804342103542,
            0.6523814286806099,
            0.02153280989268583,
            -0.9962144758510284,
            -0.08367716023795956,
            0.009549296178064
        ],
        [
            0.11923435022928341,
            0.032477312427513505,
            0.6733974715646323,
            0.027483670552280164,
            -0.9941605524055968,
            -0.09504068861694595,
            0.04308957415418249
        ],
        [
            0.11816187165074166,
            0.030303933738106803,
            0.6777433594870543,
            0.05606047683531669,
            -0.9971239628075179,
            0.050888608498680266,
            0.0033727225051302925
        ],
        [
            0.12205690381744105,
            0.03250941058845036,
            0.677303047318929,
            0.050411487256642275,
            -0.9947244604489901,
            0.08803174298792239,
            0.015242767581606002
        ],
        [
            0.12310960172758845,
            0.03108782069581506,
            0.6838392321675419,
            -0.044195845727315976,
            0.9755135881042528,
            -0.2154073820993671,
            0.004430167210240808
        ],
        [
            0.1209515973905565,
            0.0297185049244878,
            0.6906324101077335,
            0.03149888433038347,
            -0.9553260073969594,
            0.2938476686021995,
            0.0036861272330074185
        ],
        [
            0.10743409342380672,
            0.028090083260180587,
            0.6876266342383488,
            0.058893937441068446,
            -0.8609477631798794,
            0.5052698438967737,
            0.0016846533114878662
        ],
        [
            0.10487412158774212,
            0.026644512726859526,
            0.6866238681245082,
            -0.06390706030038497,
            0.7977582508854236,
            -0.5994881591304987,
            0.010564461667197206
        ],
        [
            0.10389587154088842,
            0.032661464283804786,
            0.6881829141966986,
            -0.050243437813973564,
            0.6675194481134645,
            -0.7419558110976702,
            0.037349132859106966
        ],
        [
            0.09920528228285386,
            0.0316266041283606,
            0.6970048209929156,
            -0.0003258243378431955,
            0.5360841415289597,
            -0.842278790612729,
            0.05639260522105694
        ],
        [
            0.09867668244145444,
            0.039380828609997476,
            0.7057565584615157,
            0.058553876128164005,
            0.3698802574498299,
            -0.9244233078053044,
            0.0721220266320517
        ],
        [
            0.09708694611174629,
            0.04765114459393616,
            0.724396872174234,
            0.07691101943982395,
            0.30735753898471785,
            -0.9441309781824155,
            0.09073441659204934
        ],
        [
            0.08730023809302201,
            0.05654676764407962,
            0.7425775004562807,
            0.10841571804007523,
            0.2885870323051155,
            -0.944896190430022,
            0.11015782395278342
        ],
        [
            0.08739426016396068,
            0.05617795677247561,
            0.7652437104866406,
            0.17047683847845355,
            0.2812800148375697,
            -0.9375442679696191,
            0.11326935328092366
        ],
        [
            0.08252417648367993,
            0.0596809474135469,
            0.7899871795895596,
            0.2372905034275112,
            0.1996617216953499,
            -0.9441569014514003,
            0.11133804073387425
        ],
        [
            0.06497161769350313,
            0.06847778870829657,
            0.8093809588187002,
            0.3056336238339746,
            0.11258277982231069,
            -0.934816312636682,
            0.14153327275927252
        ],
        [
            0.057158107681779084,
            0.08270066806005516,
            0.8218740107482614,
            0.35207630339193796,
            0.02852592681145738,
            -0.925552398021025,
            0.13631326643780817
        ],
        [
            0.050043014724242545,
            0.08761027803040744,
            0.8172111067034075,
            0.35615153781578096,
            0.004560004143572605,
            -0.9211280679087553,
            0.1570298410632462
        ],
        [
            0.04142048603887127,
            0.06991712966543295,
            0.8082499004807365,
            0.38355471526002394,
            -0.024513065724723226,
            -0.9151823363023834,
            0.12135147848579578
        ],
        [
            0.018467339616282993,
            0.05189286708278851,
            0.8020946217635522,
            0.4430742514146996,
            -0.04043873490516203,
            -0.8914065488506906,
            0.08628024755803344
        ],
        [
            -0.0033666985627548484,
            0.04660822706323997,
            0.7874797461462912,
            0.4632142225532978,
            -0.047018542551168774,
            -0.8819905332116257,
            0.07290089166655982
        ],
        [
            -0.010880804255565705,
            0.03511184381470267,
            0.765229155625752,
            0.4444030297161725,
            -0.04363164874383885,
            -0.8924232007133643,
            0.06467655862439882
        ],
        [
            -0.014152704306911405,
            0.02640879196274759,
            0.74160820903323,
            0.3850132649746607,
            -0.05261429183628352,
            -0.9179886759789644,
            0.0793304031409522
        ],
        [
            -0.01739138966565529,
            0.025442415180374267,
            0.7192465872944821,
            0.33314798750570573,
            -0.027522741248837246,
            -0.936027197523547,
            0.11003636958416062
        ],
        [
            -0.01365875484871382,
            0.03712478441839806,
            0.6724911182146847,
            0.2142428583503295,
            -0.010467565875904472,
            -0.9614310325341696,
            0.1721650295234055
        ],
        [
            -0.01298701101595762,
            0.045850724024789624,
            0.6726342380845776,
            0.1469181310901596,
            0.003477474177345008,
            -0.9663224275465978,
            0.2112437832239573
        ],
        [
            -0.015401127114161198,
            0.054206656135806996,
            0.7021670913057592,
            0.15707376023781408,
            -0.02022039019132693,
            -0.9678650513052945,
            0.19533615161322163
        ],
        [
            -0.018360884934854108,
            0.06535391107945565,
            0.7333656292601728,
            0.16603083895996684,
            -0.03801849082905373,
            -0.9667117921650971,
            0.19093628717003366
        ],
        [
            -0.016774785343031843,
            0.06337762562812854,
            0.757482788718468,
            0.14949933959382264,
            -0.003945337395355297,
            -0.9704570637232572,
            0.1893342791030758
        ],
        [
            -0.02246631284213219,
            0.06850411175248083,
            0.7559079852974063,
            0.09812219918357241,
            0.11244575265204249,
            -0.9680847188204208,
            0.20134538466099045
        ],
        [
            -0.013803403811225304,
            0.06674070557480627,
            0.7433124009853564,
            -0.00902978317963145,
            0.35710066752452063,
            -0.9155141671981138,
