{
    "start_pose": [
        0.12791466976289834,
        0.0638481537610911,
        0.5658170794548423,
        -0.0491773739927425,
        -0.07300454430589098,
        -0.9956496238098624,
        0.030557306902712245
    ],
    "goals": [
        [
            0.11763237199685384,
            0.08206675160761523,
            0.650757185326033,
            0.0038094138651588168,
            -0.020108984009560626,
            -0.9961747681468935,
            0.08495262465392468
        ],
        [
            0.12146488550302903,
            0.07344453535781881,
            0.6920509003656596,
            0.05866157120679936,
            -0.06662416141732397,
            -0.9936174525009616,
            0.06960171883285039
        ],
        [
            0.12288843060099053,
            0.06533752855970754,
            0.7148818805377167,
            0.056772079274402705,
            -0.046974059682818536,
            -0.9950436785013383,
            0.0667716002975914
        ],
        [
            0.12145625350122047,
            0.067688663096372,
            0.7282574629681375,
            0.057782378244312295,
            -0.034417556664044446,
            -0.9951775139297213,
            0.07140269131040537
        ],
        [
            0.12273797577351808,
            0.0801467397249519,
            0.745223712361343,
            0.10473634579749577,
            -0.04088609990298897,
            -0.9866521308451828,
            0.11779727247424068
        ],
        [
            0.11685145895406779,
            0.05632805025958043,
            0.7878460756876442,
            0.1993718948280382,
            -0.0039182237981223444,
            -0.9777990535910644,
            0.06437783680246377
        ],
        [
            0.10198190004259544,
            0.04851271348828956,
            0.8088732882046678,
            0.2666037276704496,
            -0.07269959406845439,
            -0.9603146009568179,
            0.037856156746956235
        ],
        [
            0.08342170969099327,
            0.0485500875284659,
            0.8142591756513409,
            -0.33700995249968063,
            0.11076127467168739,
            0.934941022489521,
            0.006443323328422614
        ],
        [
            0.060250542297962555,
            0.044631479469745106,
            0.820511146305956,
            -0.38881596155042647,
            0.06565639550156654,
            0.9186740399851807,
            0.023439155929032677
        ],
        [
            0.05857815185459458,
            0.04883001153540989,
            0.814704094840176,
            -0.40190921834213456,
            0.08712675385084123,
            0.9114680010218937,
            0.010197651111046913
        ],
        [
            0.04580020999516609,
            0.0407637966997515,
            0.8024893138081195,
            -0.4235540088967283,
            0.10243769806765235,
            0.8992415537939444,
            0.038381603566847174
        ],
        [
            0.0387905336395472,
            0.03979485272591998,
            0.792152146178151,
            -0.4293208356938679,
            0.10352817226002353,
            0.8970109164670131,
            0.018356288476345923
        ],
        [
            0.03243053107801907,
            0.041163814777084196,
            0.7802088510266214,
            -0.42944399147405077,
            0.11180675495756642,
            0.8960496128661201,
            0.013122462237342123
        ],
        [
            0.0321917006801583,
            0.04076508643977639,
            0.7699918153667926,
            -0.42999655892401467,
            0.12310254664977527,
            0.8941292969941089,
            0.021943622733433924
        ],
        [
            0.03050669379347237,
            0.03938214184501776,
            0.7642995976920857,
            -0.4324483341745972,
            0.09294661090703538,
            0.8968517008237841,
            0.0025283433306620374
        ],
        [
            0.02354597504548694,
            0.04257876200118793,
            0.7588168411078892,
            0.42971473590227405,
            -0.0840503741521309,
            -0.8989841639735338,
            0.010404483559155612
        ],
        [
            0.004389298552323724,
            0.036393624426602544,
            0.7563522269849418,
            -0.4271535132649293,
            0.12029396975689521,
            0.8957899374545887,
            0.025092327525745337
        ],
        [
            -0.01645407852924519,
            0.0334128752864844,
            0.752711127103346,
            -0.4265567227835773,
            0.07183179465592804,
            0.901506115342183,
            0.013277029987497376
        ],
        [
            -0.037668100354119445,
            0.027526214509353664,
            0.7514554244379741,
            -0.43354255915931034,
            0.049664798543556765,
            0.8995775087627641,
            0.018291060969847336
        ],
        [
            -0.05800498727653514,
            0.022497273479290647,
            0.7495554754109328,
            -0.42887152711106075,
            0.06493648039068955,
            0.8996107216226629,
            0.05052738158116185
        ],
        [
            -0.06544203182038028,
            0.017260676806584496,
            0.7476294947504378,
            -0.4277570129368574,
            0.03891832382236793,
            0.9013514271533176,
            0.05545184147412553
        ],
        [
            -0.0631397096064476,
            0.014128587722438968,
            0.7448432150355812,
            -0.4183507609327081,
            0.048170148323710804,
            0.9047827549712898,
            0.06348577749432811
        ],
        [
            -0.049972304756257364,
            0.016911865930451686,
            0.7291438922281321,
            -0.3784586721410624,
            0.06842644254905872,
            0.9204611341797015,
            0.06955685376669522
        ],
        [
            -0.039827576680314954,
            0.022780169578566545,
            0.7299970252829839,
            -0.3574668059895004,
            0.15369268879121278,
            0.9159936753375345,
            0.0977324243505072
        ],
        [
            -0.03216562385568073,
            0.025277340117426328,
            0.7486486570605032,
            -0.34147472907448095,
            0.1329145953943487,
            0.9278018998593472,
            0.0700881898186333
        ],
        [
            -0.01744527440287808,
            0.030112210666812023,
            0.7763879086986323,
            -0.3090794856636442,
            0.09112237858682537,
            0.9466206443459904,
            0.008714319282534688
        ],
        [
            -0.013415478426653586,
            0.028705632992762742,
            0.7870064583779701,
            -0.3153826377925128,
            0.07106944835433282,
            0.9461284604856396,
            0.017996153720190547
        ],
        [
            -0.0009437604613804539,
            0.03475927431565118,
            0.791103001618116,
            0.2749447699000455,
            -0.014487293914947075,
            -0.9598909405280415,
            0.052961062223340606
        ],
        [
            0.026095946328274496,
            0.049697464610317876,
            0.7955198806883436,
            0.2853145303462225,
            0.02096160675736225,
            -0.9554136886995599,
            0.07308155212476211
        ],
        [
            0.06578640586892659,
            0.06752098852146071,
            0.7978007262451473,
            0.2964572726663374,
            0.04046264008559741,
            -0.9490386758917283,
            0.09900228230811728
        ],
        [
            0.11272774012984643,
            0.09069512714026906,
            0.7966432452650531,
            0.2912206872729295,
            0.030568962424935675,
            -0.9476924400846664,
