{
    "start_pose": [
        -0.08124288503508437,
        0.06992222301753948,
        0.5534889486522074,
        0.10394449734798628,
        0.011913907911660804,
        -0.050428675390105704,
        0.9932323741037372
    ],
    "goals": [
        [
            -0.08507364791923544,
            0.05999704316013932,
            0.6512548545507449,
            0.05480449348602359,
            0.016701038082122643,
            -0.003075839846956934,
            0.9983526841902899
        ],
        [
            -0.08667657555222191,
            0.05877883947940821,
            0.6730742707695105,
            0.057123384340042056,
            0.007098295446107072,
            0.004634738706608331,
            0.9983311336227176
        ],
        [
            -0.09143375154689853,
            0.05597532152242546,
            0.694299115649396,
            -0.002714214864343832,
            -0.00220927827081141,
            -0.0005362022558126578,
            0.9999937322875246
        ],
        [
            -0.09263612794774584,
            0.05325430829472877,
            0.6982362923203963,
            0.008585518384425131,
            0.024512014002610605,
            0.005209368210664148,
            0.9996490946959601
        ],
        [
            -0.09811563117850397,
            0.052236589425901814,
            0.6978174468826375,
            0.042377459210639616,
            0.09383426069177592,
            -0.009437901135295338,
            0.9946407434312345
        ],
        [
            -0.10591237069923665,
            0.05194718858431946,
            0.694390700458333,
            0.024541805334888003,
            0.18164100857676968,
            -0.011309310888797644,
            0.9829935621769548
        ],
        [
            -0.11272723587029054,
            0.04919751126702199,
            0.6966356133537677,
            -0.05399778253963755,
            0.2847958579579427,
            0.032979353708735955,
            0.9564977370594013
        ],
        [
            -0.11480023545656032,
            0.04956255085796413,
            0.7105466450693385,
            -0.09332892199719206,
            0.36573215867024067,
            0.037816824010898115,
            0.9252564986288807
        ],
        [
            -0.1146641892679926,
            0.04737587218535011,
            0.7271770584033512,
            -0.11832591644380933,
            0.43901377480736514,
            0.06119510321135264,
            0.8885499661640154
        ],
        [
            -0.11146702716016132,
            0.0476050219089299,
            0.7301012678456988,
            -0.14813039625602686,
            0.4809773616175491,
            0.10700650178459743,
            0.8574775634920581
        ],
        [
            -0.10784304439258219,
            0.045435295014071175,
            0.7302266395868933,
            -0.15860048337013363,
            0.5276020507802138,
            0.12589963361921316,
            0.8250037848045427
        ],
        [
            -0.10073963884286086,
            0.04374759139888018,
            0.7306917190490956,
            -0.1545999842471741,
            0.5829252389746192,
            0.1510316506136229,
            0.7832537591037028
        ],
        [
            -0.09431449105194911,
            0.04317238151415892,
            0.7338156787891876,
            -0.15543201596950879,
            0.6612101644844683,
            0.18789195845148568,
            0.709463613403353
        ],
        [
            -0.09016593158876063,
            0.044699120036493234,
            0.737675207511804,
            -0.1431588743317861,
            0.6959733278358268,
            0.1816270601441764,
            0.6798075276610023
        ],
        [
            -0.09110350973187936,
            0.039994596324471,
            0.7375146602225929,
            -0.15853207291899196,
            0.6860003380250721,
            0.1779172322425507,
            0.6874711459811563
        ],
        [
            -0.09283420272654208,
            0.019582780538519362,
            0.7365909412178713,
            -0.16465394132431813,
            0.692377311780432,
            0.16991147577055382,
            0.6816398082121841
        ],
        [
            -0.09004120954946737,
            -0.013307586566401186,
            0.7339941202912237,
            -0.14600256912051107,
            0.6891469247864546,
            0.1438186374014939,
            0.6950366647908308
        ],
        [
            -0.08561911994196814,
            -0.04910581010810011,
            0.7308708810619555,
            -0.12675745957333645,
            0.6921986691824267,
            0.12581597999303715,
            0.6992595283605251
        ],
        [
            -0.07391179002967763,
            -0.06949752389685104,
            0.7254519875029134,
            -0.11059936104703266,
            0.6968938956757419,
            0.10318870208296559,
            0.701041205114442
        ],
        [
            -0.06923769711508443,
            -0.07915939841022301,
            0.7230067074270257,
            -0.11537356507024175,
            0.6993203263721517,
            0.1068792198683953,
            0.6972925167862147
        ],
        [
            -0.07142399932205823,
            -0.08101975734129074,
            0.7220797142294275,
            -0.13528262783560846,
            0.6971934368127889,
            0.11562743825808673,
            0.694442379030065
        ],
        [
            -0.07056315101962934,
            -0.07741956071131084,
            0.7217384168468113,
            -0.12049085478167142,
            0.6861227984660181,
            0.11281795734848854,
            0.7085122213757904
        ],
        [
            -0.06971364820652354,
            -0.07395087054601324,
            0.7184645667325962,
            -0.1217422092952583,
            0.6942199656742685,
            0.07207940271283876,
            0.7057209317001212
        ],
        [
            -0.06859504048416853,
            -0.07547644925040664,
            0.7195325259094181,
            -0.07425145068252853,
            0.7022262844986321,
            0.07532918194513664,
            0.7040528970029611
        ],
        [
            -0.06925923146873181,
            -0.07862076101930393,
            0.7220070733365649,
            0.00026723844609714554,
            0.7222928928168842,
            -0.02748112552870194,
            0.6910410214375886
        ],
        [
            -0.06597500232869108,
            -0.07544279039232238,
            0.7212660190261763,
            0.09946527270851786,
            0.7097938215687591,
            -0.12497098640529487,
            0.6860624191316153
        ],
        [
            -0.06763853952470006,
            -0.07596502183374021,
            0.7259638261427854,
            0.17040586762414436,
            0.7185771599399625,
            -0.19683054752459025,
            0.6448770743739078
        ],
        [
            -0.06672617131277364,
            -0.07728990810440062,
            0.7232305875931019,
            0.20011699834608976,
            0.7207162050142678,
            -0.14579154740278724,
            0.6475076551738081
        ],
        [
            -0.06881112895445873,
            -0.0775090174699713,
            0.7223490608780183,
            0.165304247716133,
            0.7288078621679495,
            -0.14796969750397,
            0.6477797267202557
        ],
        [
            -0.06942249078403245,
            -0.07874580127783037,
            0.7259068785391851,
            0.35982021212289783,
            0.6100764500580483,
            -0.4020119920411568,
            0.5802779491653148
        ],
        [
            -0.0729065437916061,
            -0.08453913113461875,
            0.7265724042861754,
            0.6364092922092337,
            0.44145685876739504,
            -0.5402343398869485,
