{
    "start_pose": [
        0.009087124097730378,
        0.03199695164493521,
        0.5567982672893433,
        0.06859937001510788,
        0.013528425901725094,
        -0.03477479125463187,
        0.9969462483099822
    ],
    "goals": [
        [
            0.0216054340616022,
            0.02879519699539168,
            0.6527614309143271,
            0.005867559560164317,
            0.0014015518472876298,
            -0.03661971168951441,
            0.9993110647406059
        ],
        [
            0.025051138577660722,
            0.027658437795154978,
            0.6900106989527872,
            -0.019310204589124705,
            0.005034191939928934,
            -0.03817012169433749,
            0.9990719767464591
        ],
        [
            0.03536718962781404,
            0.027954570589585725,
            0.7036162177726845,
            -0.07267844257136896,
            0.0015436737300364989,
            -0.036302250294871066,
            0.9966933368295104
        ],
        [
            0.061448234110485715,
            0.028833517515203022,
            0.7142137641994021,
            -0.18928209813449878,
            0.006646233463984297,
            -0.0424814699509772,
            0.980980855887284
        ],
        [
            0.08745940773677008,
            0.036110199310640745,
            0.7210366955068825,
            -0.1579851181862621,
            -0.0038316311814500237,
            -0.028977737452497664,
            0.9870087698527794
        ],
        [
            0.10728208692617214,
            0.040365759840430115,
            0.7272481342640829,
            -0.1540685049650876,
            -0.006450460924261381,
            -0.023922129616002694,
            0.9877494718026036
        ],
        [
            0.13073746339160752,
            0.041998390976835887,
            0.7325708783282384,
            -0.15326659562041084,
            -0.01927715504505012,
            -0.021407938161840685,
            0.9877648718920699
        ],
        [
            0.142158285628457,
            0.040955498015131875,
            0.7359242612853922,
            -0.15466760869523444,
            -0.016320650991673236,
            0.0008550439954472991,
            0.9878313803840567
        ],
        [
            0.15376244411390994,
            0.038079189166595806,
            0.7367368212773692,
            -0.15772497050961776,
            -0.0163063130434562,
            0.005837124152438756,
            0.9873311834507694
        ],
        [
            0.1516598608147104,
            0.03700348478877802,
            0.734307200894818,
            -0.2676405857529828,
            -0.025886070153430252,
            0.004805185891769187,
            0.9631590410821869
        ],
        [
            0.1538896979500135,
            0.03972643460277181,
            0.7278674709198807,
            -0.5833578086454976,
            -0.04975472978963058,
            -0.008742925924656591,
            0.8106427666994628
        ],
        [
            0.15469031518607212,
            0.04091493972656857,
            0.7287399268054289,
            -0.7012177780117685,
            -0.026925981480236727,
            -0.004360783950807721,
            0.7124251559882612
        ],
        [
            0.15482124796668006,
            0.03832242531551888,
            0.7252470338767554,
            -0.8176736424020421,
            -0.07284445237253578,
            -0.054111659142893294,
            0.5684852052818314
        ],
        [
            0.15654593464414168,
            0.038508117332541336,
            0.7343913407685643,
            -0.9065652570060169,
            -0.023557976368658196,
            -0.007377379876767602,
            0.42134312716025446
        ],
        [
            0.15281124538554802,
            0.03095713389235677,
            0.737165323516179,
            -0.9365614843252122,
            -0.047679862002172335,
            0.015857774638850956,
            0.34688290217523315
        ],
        [
            0.15214505516068133,
            0.03422398044440911,
            0.7441910824150244,
            -0.9814563230265976,
            -0.034096989093630764,
            0.046007550262176906,
            0.18293219138449288
        ],
        [
            0.14883152931919674,
            0.037390302189493796,
            0.7367300723194599,
            -0.976291683080354,
            -0.011084390702398805,
            -0.029659227513688453,
            0.21413083863418075
        ],
        [
            0.1548995173132216,
            0.03141379520168619,
            0.7364749531029351,
            -0.9738855339847196,
            -0.07171725187256367,
            -0.05116152158891805,
            0.20925128718326147
        ],
        [
            0.15333169289623183,
            0.025341488831077674,
            0.742389312237417,
            -0.9864687368358881,
            -0.05656973575632579,
            0.027551857830769848,
            0.15139415897563416
        ],
        [
            0.15629150898462463,
            0.03282869233712127,
            0.7399575567546728,
            -0.9887271000962652,
            -0.031229943319089126,
            -0.05183716001101311,
            0.13695371852384577
        ],
        [
            0.15137025164116902,
            0.039935237621691266,
            0.742548614831189,
            0.943286752236711,
            -0.028742314607483332,
            0.03949894402136757,
            0.32836536940871053
        ],
        [
            0.1529239359380511,
            0.037256607558133537,
            0.74622451442515,
            0.8044712940537307,
            0.01089303536796149,
            0.018541819496762302,
            0.5936021224302841
        ],
        [
            0.15417494227895623,
            0.040301958581939856,
            0.749682253495143,
            0.8225733861768452,
            -0.0066694893708911795,
            -0.03502775440018151,
            0.5675399533836987
        ],
        [
            0.1544698243796664,
            0.045214306248195446,
            0.7485942128336552,
            0.7546232852973912,
            -0.05537721398825235,
            -0.02608791668422783,
            0.6532966263964238
        ],
        [
            0.154229318758206,
            0.040347316887718865,
            0.7472460826688847,
            0.5369428914263529,
            -0.0032428690828711915,
            0.056107262686841165,
            0.8417444922425149
        ],
        [
            0.15588502725276354,
            0.03901635900461442,
            0.7498726542611219,
            0.33182318841464625,
            0.02193559099136,
            0.05969631479434991,
            0.9411952780789814
        ],
        [
            0.15427642112230433,
            0.03872720937309215,
            0.7503874634630092,
            0.26891038053123517,
            0.022486898278249567,
            0.06680040571530015,
            0.9605827670974747
        ],
        [
            0.15341776024871234,
            0.03442266411274808,
            0.7562606245824507,
            0.15580522437905722,
            0.04670397235366952,
            0.08282131198735479,
            0.9832009465532834
        ],
        [
            0.15976700583398895,
            0.03199878051211502,
            0.7549667603534647,
            -0.11658018861306686,
            0.06955723603980302,
            0.1729050085174769,
            0.975538163562562
        ],
        [
            0.15388078863162413,
            0.031922856168016156,
            0.7564976043132994,
            -0.2689030868573138,
            -0.009726499958509716,
            0.12217048166255146,
            0.9553381068959331
        ],
        [
            0.15180260576637128,
            0.03563476277275923,
            0.7600476338066999,
            -0.5726241487553957,
            -0.04316465258070956,
