{
    "start_pose": [
        0.005694415682607197,
        0.05994399318285659,
        0.5524733106279558,
        -0.6312472155426981,
        -0.01607637645089255,
        0.044845283277586634,
        0.7741171768909102
    ],
    "goals": [
        [
            0.04223759768197343,
            0.050385069119077364,
            0.6520809734327507,
            -0.6120251044241107,
            0.024995124614016095,
            0.025831203282553974,
            0.790021053034134
        ],
        [
            0.057943379249975606,
            0.04557794054964415,
            0.6984709060311525,
            -0.6557779500295593,
            -0.0071968041000401994,
            0.004016299499969169,
            0.7549088392674318
        ],
        [
            0.07254917968281327,
            0.036303850835380236,
            0.7205597171749316,
            -0.6781428076761888,
            -0.023492776006773464,
            -0.006052534890315893,
            0.7345296377233207
        ],
        [
            0.10385031811216805,
            0.033241844392719044,
            0.725631095250619,
            -0.671080641028738,
            -0.04242670700005924,
            0.0035764749627435173,
            0.7401607640211887
        ],
        [
            0.12588740090126394,
            0.03095885092418571,
            0.7214722741954744,
            -0.6619906461819877,
            -0.04545204996614738,
            0.022055584423895352,
            0.7478074930870574
        ],
        [
            0.1254363178499206,
            0.030435474314200017,
            0.7233658160234059,
            -0.6606249093440744,
            -0.0446344451354439,
            0.028948418831580464,
            0.7488287417752711
        ],
        [
            0.12650685831056163,
            0.030707842804122087,
            0.713887683781577,
            -0.7127068286774318,
            -0.05651281564632471,
            -0.0005336048672964755,
            0.6991816597209397
        ],
        [
            0.13214353156222625,
            0.03382967319035868,
            0.7092038246476097,
            -0.8042666360737487,
            -0.06013918648335781,
            -0.011848727647251566,
            0.591099030620823
        ],
        [
            0.12887890187353912,
            0.032396334472092114,
            0.7150591949823615,
            -0.8586398515297191,
            -0.046862344039101944,
            -0.009639801766536763,
            0.5103416505617434
        ],
        [
            0.12883542875886078,
            0.03172876257150814,
            0.718922577810592,
            -0.9194503468814785,
            -0.04646251569909149,
            -0.008827575544448369,
            0.39035159557051596
        ],
        [
            0.12298164932545674,
            0.026523612732105017,
            0.7220048425939666,
            -0.9792608511137518,
            -0.040192266303340135,
            -0.01941652069092208,
            0.1976253170260099
        ],
        [
            0.1247783118454956,
            0.02506938518168822,
            0.7251145539075896,
            -0.990971760382248,
            -0.05946155121736399,
            -0.008862255320384394,
            0.1198363654420866
        ],
        [
            0.12505161078973892,
            0.02737231515359928,
            0.7281060965499839,
            -0.9888892178554117,
            -0.05114698769016013,
            -0.004245348948906479,
            0.13951371786256833
        ],
        [
            0.1231532972748175,
            0.026186978013394313,
            0.7291164721809782,
            -0.9986498556195063,
            -0.04751753455709024,
            -0.009042497407311768,
            0.018941568609638467
        ],
        [
            0.1218837839639455,
            0.020656868709010512,
            0.7271155588160794,
            0.9696426977657656,
            0.06123430386904552,
            0.030992820849382294,
            0.23469734501054726
        ],
        [
            0.1252307317953798,
            0.01884727973464362,
            0.733692624300521,
            0.9478280140253688,
            0.0811286892826848,
            0.019239394970833715,
            0.3076849643469033
        ],
        [
            0.12520177737931493,
            0.01624181718154527,
            0.7337484118723985,
            0.9438265930542663,
            0.0835457146380772,
            0.0210348374618574,
            0.3190125568408599
        ],
        [
            0.12793545128536998,
            0.012652949607745878,
            0.7387507908795289,
            0.9323534417488174,
            0.10450459192884937,
            0.014048903357768218,
            0.3458301291665652
        ],
        [
            0.12438527183546366,
            0.008727485178857353,
            0.7372371074254458,
            0.8161487912415469,
            0.10081826124963489,
            0.05407701491774549,
            0.5664031295915904
        ],
        [
            0.12637610265928167,
            0.021370004975465706,
            0.7355458239787845,
            0.5058082585642136,
            0.04768386051185258,
            0.06261319814204942,
            0.8590482189221673
        ],
        [
            0.13485829754713785,
            0.02351647817773317,
            0.7373929416218169,
            0.4674998875553118,
            0.0717012847638252,
            0.07211087019117511,
            0.8781245944051783
        ],
        [
            0.13028328589471738,
            0.020833013037499626,
            0.7399832315741657,
            0.3726059607015844,
            0.05296117573011516,
            0.06631461051476481,
            0.9241007977202531
        ],
        [
            0.1278505487481746,
            0.02371623103087983,
            0.7397087941410049,
            0.1011800848090333,
            0.031044569737757266,
            0.06805570026403329,
            0.9920520383474881
        ],
        [
            0.1254360516801899,
            0.019496774978536857,
            0.7345998474070561,
            -0.07549530614551087,
            0.003569266621944678,
            0.08141719483195554,
            0.993810323689321
        ],
        [
            0.1267853559007135,
            0.017292915912920037,
            0.73589585549185,
            -0.10785283761004422,
            0.007934730170123028,
            0.08974880588250689,
            0.9900757331231042
        ],
        [
            0.12543596119674538,
            0.017431704361974165,
            0.7358738610967308,
            -0.15894694325011724,
            0.0012874377744460652,
            0.08634555337382119,
            0.9835032573143776
        ],
        [
            0.12569277389574585,
            0.01715660083313475,
            0.7371062489237526,
            -0.3271987837596813,
            -0.009219763065476005,
            0.10670245078139699,
            0.9388666246450801
        ],
        [
            0.12186895896962158,
            0.014620732648345847,
            0.7365022341095109,
            -0.5059270161276149,
            -0.021657899187385365,
            0.10542264650119519,
            0.8558357642443325
        ],
        [
            0.12526277824581566,
            0.01646752496708037,
            0.7364148362880435,
            -0.5979518056938185,
            -0.02954413875129136,
            0.10541440218064543,
            0.7940205197259345
        ],
        [
            0.1267794194659314,
            0.02633547076693188,
            0.7306873135762694,
            -0.8044400384688061,
            -0.03226313470855413,
            0.05571653616467284,
            0.5905344886159439
        ],
        [
            0.1281444855223438,
            0.02880547191495475,
            0.7316579682478068,
            -0.8238928391101786,
            -0.027857171877911813,
            0.05879594029397033,
