{
    "start_pose": [
        0.09895555097856323,
        0.07287310223873444,
        0.5474336841110925,
        0.017478667625365697,
        -0.9997119232032081,
        -0.005431382786509506,
        0.015526328104591463
    ],
    "goals": [
        [
            0.08953294947460344,
            0.08904128239441889,
            0.6527492232538546,
            0.13156874980790034,
            -0.9900571242392258,
            -0.046674000566044795,
            0.017265355145535552
        ],
        [
            0.0868222369388355,
            0.08675562379817714,
            0.682163566890452,
            0.1346712429651195,
            -0.99072757480227,
            -0.014498838669185792,
            0.010597760229770187
        ],
        [
            0.08755575757614731,
            0.08430627764854193,
            0.6975888581223717,
            0.14231367553008847,
            -0.989711121636052,
            -0.00970138597357567,
            0.011162283691823864
        ],
        [
            0.08164214324189045,
            0.09035253981219782,
            0.6884572422866704,
            0.1870804153794385,
            -0.9817014076345592,
            -0.0303808432169052,
            0.018446376208115976
        ],
        [
            0.0764284653876075,
            0.09146767750144247,
            0.689776668840425,
            0.23463677370731886,
            -0.9717868063649471,
            -0.007727559268164048,
            0.02272162465568244
        ],
        [
            0.06716012023942208,
            0.09601355206379525,
            0.6924553461205986,
            0.30847161480618884,
            -0.9506089283161631,
            -0.018130215431010944,
            0.029312515294388587
        ],
        [
            0.06303205022046687,
            0.10147802023092678,
            0.6898441122479796,
            0.4040217670029132,
            -0.913951582187917,
            -0.01810006733572904,
            0.0336348742600517
        ],
        [
            0.05267929588462183,
            0.10253641312504536,
            0.6913922876319719,
            0.47108674252428073,
            -0.8811506907118782,
            -0.000265596771491385,
            0.0406284473515375
        ],
        [
            0.038033430363914926,
            0.10344873174208302,
            0.6954068464457686,
            0.5407166466220403,
            -0.8409945792639851,
            -0.007263811328663591,
            0.01734539591330754
        ],
        [
            0.039112035924808934,
            0.0982394471516902,
            0.6964518790504899,
            0.5887139889566069,
            -0.8079189640471031,
            -0.0038280770773952786,
            0.02584826040074696
        ],
        [
            0.03745043886676901,
            0.09772586833716679,
            0.6995083186965363,
            0.6311072537677835,
            -0.7747743281749896,
            0.004706674570538008,
            0.03749962476034993
        ],
        [
            0.04510080050039666,
            0.10156135375733977,
            0.7003308674648521,
            0.6634064658992186,
            -0.7473314278678342,
            0.00858625340845294,
            0.03624740234192813
        ],
        [
            0.05811039421821428,
            0.10080279644911505,
            0.7005767799307043,
            0.7021361515203871,
            -0.7107977949525651,
            0.013089624727570089,
            0.03999976428933803
        ],
        [
            0.06833892639715,
            0.10112420278423384,
            0.7066942794847372,
            0.7592900134902064,
            -0.6491654277967459,
            -0.012850617974875978,
            0.04356356717687478
        ],
        [
            0.07834650525037279,
            0.09330011195888299,
            0.7029729333351387,
            0.7834810725039113,
            -0.6194362676759428,
            -0.03059307610125473,
            0.038989524368487447
        ],
        [
            0.08884680751263929,
            0.08872676068366137,
            0.703709610397292,
            0.7852886731925431,
            -0.6170685926671369,
            -0.03670190805082537,
            0.0346557591854943
        ],
        [
            0.11612476283382933,
            0.0888954600732641,
            0.7008079186905233,
            0.7994797732876165,
            -0.5978341084630456,
            -0.04124937460572295,
            0.04153263724846936
        ],
        [
            0.13024099355044372,
            0.08599282103438666,
            0.6943836438911808,
            0.809672065257444,
            -0.5844568017687528,
            -0.03324529714547328,
            0.04166705923982893
        ],
        [
            0.13842564003516877,
            0.08754392756067364,
            0.6936069425002875,
            0.7365077768156847,
            -0.6754126525535487,
            -0.01015788563991024,
            0.03564913491129652
        ],
        [
            0.12657730819713542,
            0.07368067736715833,
            0.6959219595863368,
            0.6037578464034196,
            -0.7968703856038143,
            0.0009863308206394213,
            0.021750370236991202
        ],
        [
            0.11170618547639721,
            0.06497206357584617,
            0.6976714207011923,
            0.5473395178704076,
            -0.8365754270779296,
            -0.020175307055624474,
            0.012408221950824971
        ],
        [
            0.14465213049006798,
            0.0739079201552133,
            0.6967498116607322,
            0.6524471691987119,
            -0.757671114805569,
            -0.008623607012736484,
            0.013145592263680917
        ],
        [
            0.18494171759320766,
            0.10023864085582335,
            0.6878946759284525,
            0.7448276638185106,
            -0.6662088302423045,
            -0.011016927535573555,
            0.03572356400914807
        ],
        [
            0.18396506666866552,
            0.10447707500371173,
            0.6835181664263325,
            0.7765346546654414,
            -0.6287614344650841,
            -0.007317421102683364,
            0.03999304916406233
        ],
        [
            0.1810831308673081,
            0.10471923284005291,
            0.6810689633732161,
            0.7523053562629824,
            -0.6571939145015984,
            0.0058052596624115285,
            0.04581603038615723
        ],
        [
            0.15649964866586163,
            0.09856293832552354,
            0.6804569095211939,
            0.6506952619566108,
            -0.7588206078430503,
            0.012850363905470698,
            0.024936505918407566
        ],
        [
            0.14398286230326707,
            0.09608391024653595,
            0.6841666521060188,
            0.5963466648210044,
            -0.8021109955887954,
            0.029532095164192782,
            0.010791731447222444
        ],
        [
            0.15861924114292814,
            0.1003016595744608,
            0.6882766813002718,
            0.7417977221762411,
            -0.6701299412547645,
            0.004509606428449607,
            0.025331100605509072
        ],
        [
            0.1676972238953206,
            0.09999460681347383,
            0.6866323241518595,
            0.8182248275732582,
            -0.5720990577208087,
            -0.02341616123861731,
            0.05159925474773322
        ],
        [
            0.16976548238624745,
            0.10032626820793988,
            0.6863680284236879,
            0.8128356127963553,
            -0.5793392183994196,
            -0.019485504568033232,
            0.057311881020010176
        ],
        [
            0.16011514190871312,
            0.09193127546702085,
            0.6845503798662338,
            0.6829243762808648,
            -0.7296911941532317,
            -0.0008117552714353435,
