{
    "start_pose": [
        0.09248568018426495,
        0.05355371562126787,
        0.5508237114298127,
        0.03446977055457573,
        -0.9987702624665962,
        -0.0005223555338989761,
        0.035630392574571505
    ],
    "goals": [
        [
            0.08026139473163874,
            0.054944256153795945,
            0.6503780147508085,
            0.042103455349411026,
            -0.9954013735866638,
            0.07718868662850384,
            0.03801724826957192
        ],
        [
            0.07728168183579065,
            0.04622240083654505,
            0.6724450791117828,
            0.047228653726281745,
            -0.9914350871549885,
            0.11238145916633914,
            0.04686501745254858
        ],
        [
            0.07954731941711002,
            0.04151183256001578,
            0.6959108994599619,
            0.042348268714182964,
            -0.9983127337339224,
            0.03441573980489497,
            0.01984607405245807
        ],
        [
            0.0852436365771303,
            0.04771324842824132,
            0.7147671154232662,
            0.058589312343546605,
            -0.996647212541641,
            0.038442200997631966,
            0.04223533348448094
        ],
        [
            0.08863069544449165,
            0.04443734401632704,
            0.7323186671308257,
            0.045714196186490905,
            -0.9979127556775022,
            0.03426607427601403,
            0.03010283170845474
        ],
        [
            0.08156129343308383,
            0.04440440405081503,
            0.7491665931079535,
            0.04507002424250732,
            -0.9963711450333329,
            0.06273960325194451,
            0.03573480717078732
        ],
        [
            0.0770164705356563,
            0.0353269038199483,
            0.7658911590845728,
            0.029377460539691907,
            -0.9994402691673678,
            0.012663207597916813,
            0.009785517473817826
        ],
        [
            0.07469383968568166,
            0.030824578954566362,
            0.7758683571594386,
            0.05613504877960265,
            -0.9939066730972126,
            -0.09060871604166496,
            0.02807921025641279
        ],
        [
            0.07069094997338421,
            0.019030237270253547,
            0.7705363407308332,
            0.04819244923817084,
            -0.8949921940439985,
            -0.4430448467446506,
            0.019435128241029265
        ],
        [
            0.06816594041413371,
            0.02587296949340223,
            0.7575717989633066,
            0.06101299732791534,
            -0.725858705467697,
            -0.6820862982060684,
            0.06453553791024333
        ],
        [
            0.06911314476823271,
            0.03469343989756979,
            0.7667844102969681,
            0.12376712755326393,
            -0.5466566083512489,
            -0.8255594131847872,
            0.06557366838230796
        ],
        [
            0.09370757883275782,
            0.05481653474892567,
            0.7714329760113716,
            0.17558185453317585,
            -0.3618472161828632,
            -0.9148515364267084,
            0.03583672414010436
        ],
        [
            0.09441696784775822,
            0.05235574403990473,
            0.7869316697182195,
            0.1860105171703091,
            -0.26729285574598904,
            -0.9428688250078141,
            0.07037752196242905
        ],
        [
            0.09201289079557207,
            0.05182917235132156,
            0.8088979560198168,
            0.1523495828263078,
            -0.10447868002215244,
            -0.9786901041539577,
            0.08966320351512451
        ],
        [
            0.09156391919851548,
            0.04796886019695601,
            0.8221261508986233,
            0.20290687028686316,
            -0.12418490368822788,
            -0.9682264021771823,
            0.07710088075609192
        ],
        [
            0.07933129886208312,
            0.03994152129148709,
            0.8283938651872851,
            0.24476606085348623,
            -0.1418431132941722,
            -0.9570624372715745,
            0.06325818389013638
        ],
        [
            0.07456201278503927,
            0.03517384121916922,
            0.8276355119711154,
            0.2701492774861362,
            -0.15147311915030315,
            -0.9491324597572856,
            0.056770026278671865
        ],
        [
            0.07654510942595605,
            0.032412674445256084,
            0.8187206698146939,
            0.3055197278553446,
            -0.14228464043230227,
            -0.9402529295886667,
            0.04834465211558385
        ],
        [
            0.06819451840464774,
            0.03193531181510967,
            0.8113521516673713,
            0.3289061951836373,
            -0.12425743782785303,
            -0.9352941548083007,
            0.040070536503863184
        ],
        [
            0.06122114925227328,
            0.02904001555741731,
            0.7962173569325868,
            0.359800720075466,
            -0.1207187528459508,
            -0.9251143255714538,
            0.01157191284833014
        ],
        [
            0.05582198687859729,
            0.0243425282401587,
            0.7754735479838772,
            -0.3706256924405174,
            0.11562109395753306,
            0.9215423716648036,
            0.005293010623354512
        ],
        [
            0.054353477299179935,
            0.025746437263917565,
            0.749116444940641,
            -0.3723838855708119,
            0.09820397811324455,
            0.9228144626425239,
            0.00998438719741162
        ],
        [
            0.04581698299106717,
            0.027403918496774482,
            0.721810342789803,
            -0.3744815266088361,
            0.0876750536444807,
            0.922977518276326,
            0.013753979555990578
        ],
        [
            0.038195032857793125,
            0.02267363549473933,
            0.7132604091571549,
            -0.38693137677452544,
            0.07721040962102077,
            0.9183536985690456,
            0.030808223546307963
        ],
        [
            0.03593109825910123,
            0.024081204296459324,
            0.6981063871263282,
            -0.3749954557662962,
            0.054926357481733024,
            0.9251325721421519,
            0.0221636497459872
        ],
        [
            0.02554473778682109,
            0.023103700354392687,
            0.6798877691687137,
            -0.35121062642614825,
            0.03355349160132359,
            0.9356187539616305,
            0.011950159915175472
        ],
        [
            0.014075727962173375,
            0.018858170142608155,
            0.6697317985447532,
            -0.3315568543443159,
            -0.008162763965785858,
            0.9432632564703356,
            0.016057727570213638
        ],
        [
            0.011468299305242843,
            0.023468496350433243,
            0.6538657989334875,
            -0.307097379587993,
            0.05561004454965668,
            0.9498146038863526,
            0.02123536294920205
        ],
        [
            0.00292583975125837,
            0.025571172959978017,
            0.6495281857738824,
            -0.27994290263046234,
            0.053016777011526184,
            0.9580609203321306,
            0.03066701085030384
        ],
        [
            -0.003692885111152737,
            0.024226203418803882,
            0.6552083599984482,
            -0.23363509279614303,
            -0.02329557201277388,
            0.972008462447203,
            0.008456279900735473
        ],
        [
            -0.0027185624910541816,
            0.027194225361801716,
            0.6636231659833769,
            0.2077022109550045,
            -0.013577724658602297,
            -0.9780962325553251,
