{
    "start_pose": [
        0.1639509022680955,
        0.052446195016069064,
        0.5617782639543012,
        0.015356679360908298,
        0.0011567242615518891,
        -0.9976511059907643,
        0.06674657372025378
    ],
    "goals": [
        [
            0.16422301504806436,
            0.0731628160902349,
            0.6506553395719119,
            0.10452364137802125,
            0.024383923757871795,
            -0.9865319514729841,
            0.12342990471581057
        ],
        [
            0.16406092254257754,
            0.07357749798224278,
            0.6997063978429745,
            0.09184172335097279,
            0.007765357458720645,
            -0.986845604792406,
            0.13281772990595625
        ],
        [
            0.1534362397912985,
            0.07690485313748718,
            0.7259200043000802,
            0.11405561081894548,
            0.024886806402430572,
            -0.9825973666768604,
            0.14447968544921827
        ],
        [
            0.14658270878115542,
            0.09534160826373628,
            0.7480807138227086,
            0.16013286137386498,
            -0.010300900141210545,
            -0.9769637369805294,
            0.14068836053326578
        ],
        [
            0.1262146873559603,
            0.10842020329821611,
            0.7647547246278836,
            0.20964792172790225,
            -0.013512029360544742,
            -0.9662972701628338,
            0.14877755090599462
        ],
        [
            0.10280950262095145,
            0.11365336486414268,
            0.7634768124504789,
            0.2522535329299503,
            0.010924538603165668,
            -0.9528664724520507,
            0.1682090819707769
        ],
        [
            0.0818458212515607,
            0.11094496247035057,
            0.7509876300565339,
            0.2855387588852843,
            0.013324229831741419,
            -0.9457908699796987,
            0.1541742920745437
        ],
        [
            0.06292845633205768,
            0.1075476744840036,
            0.7347479695827908,
            0.312611716808092,
            0.04058286321038573,
            -0.9314973918259152,
            0.18149257491551
        ],
        [
            0.0394310232049686,
            0.10920955821128409,
            0.7135442159800605,
            0.34175104521220917,
            0.04169411338038009,
            -0.9201190986765492,
            0.18667798010596107
        ],
        [
            0.0339986808734648,
            0.11442008540358795,
            0.6826012172014959,
            0.32699305358645964,
            0.06761064349750279,
            -0.916077865455278,
            0.22204884195815344
        ],
        [
            0.017287160256294395,
            0.11633293918431398,
            0.6617427092926099,
            0.2807516476281341,
            0.0866952032087992,
            -0.9264151925821853,
            0.23540888905813367
        ],
        [
            -0.016586442605159738,
            0.10089669949551039,
            0.642836986299061,
            0.2318160845534185,
            0.07402843355917954,
            -0.9414933624611175,
            0.233176633496488
        ],
        [
            -0.041735897634130444,
            0.0938160765005216,
            0.6308631815653779,
            0.20828552786457247,
            0.036725135653343566,
            -0.9487123022780183,
            0.23497525571804734
        ],
        [
            -0.052097005573738926,
            0.08643170390226751,
            0.6276459631042526,
            0.19993630056511866,
            0.04359136000675923,
            -0.9503652836568875,
            0.23437383955736124
        ],
        [
            -0.05275551375638699,
            0.0843610548139172,
            0.6244498819252151,
            0.1834686854991537,
            0.043826402886955385,
            -0.9530951952240102,
            0.2367024222354059
        ],
        [
            -0.04884088692866118,
            0.09024025721887052,
            0.6381882472687523,
            0.14524574548088642,
            0.0347026704400073,
            -0.9548104662242869,
            0.2569754300951624
        ],
        [
            -0.04627856886569138,
            0.08890121282791685,
            0.6874273173058615,
            0.13617802373773588,
            0.0021154746911570266,
            -0.9483423460210838,
            0.2865272506428356
        ],
        [
            -0.03684205186970108,
            0.08975861654466033,
            0.7195058665875239,
            0.13826731489985544,
            -0.005382956774712899,
            -0.9463666320288536,
            0.29196467455688924
        ],
        [
            -0.020942088868217138,
            0.1169649744353386,
            0.7272602500976454,
            0.13236982533416106,
            -0.03539570059067798,
            -0.9186313435336879,
            0.3705965844394553
        ],
        [
            0.030424264236199924,
            0.13578097499218467,
            0.735926376242025,
            0.13305902465457203,
            -0.0058957187137659295,
            -0.9155874685445345,
            0.3794207742112089
        ],
        [
            0.06964809520254467,
            0.16214657850053737,
            0.7356822773661109,
            0.1275610825915809,
            0.02627144758670985,
            -0.8933234970171665,
            0.43012917934823175
        ],
        [
            0.08772351089868413,
            0.17202598008590764,
            0.7274720965541557,
            0.10889854468736458,
            0.05950284290492269,
            -0.8815509407680503,
            0.45548705523008154
        ],
        [
            0.10557848474716403,
            0.1562845024784122,
            0.7101143968086187,
            0.03447413733456412,
            0.11899876628836392,
            -0.8983597732780528,
            0.421426797003573
        ],
        [
            0.11410502409101408,
            0.1680877134213814,
            0.6936349471710025,
            -0.04758189667201183,
            0.21094746667815634,
            -0.8808887368632309,
            0.42103700868054844
        ],
        [
            0.10861249596843237,
            0.1709168461422843,
            0.6729971932674725,
            -0.16892360774017864,
            0.28729258623768306,
            -0.8494588974261588,
            0.4090811242583078
        ],
        [
            0.10542427983854141,
            0.20620974500316247,
            0.6565216087868779,
            -0.25273280147536153,
            0.37186831089871963,
            -0.789570171483464,
            0.4176350496681545
        ],
        [
            0.07719168415799971,
            0.1994501946739844,
            0.6676873470547715,
            -0.37404128272594483,
            0.5583840962707511,
            -0.6020819783808182,
            0.4310424702481955
        ],
        [
            0.07435782062002594,
            0.2001697733022375,
            0.6672422466179602,
            -0.41049641868540754,
            0.5990824248876185,
            -0.5351357855233331,
            0.4315352007537173
        ],
        [
            0.07603777184830018,
            0.20537183844799167,
            0.661123011124746,
            -0.43421190061997594,
            0.6150705231859296,
            -0.5027865897780166,
            0.4246809649691959
        ],
        [
            0.07741483461643628,
            0.20771726957936165,
            0.658269502457048,
            -0.4324662024230555,
            0.6166848784393292,
            -0.49435524074752746,
            0.4339189329949825
        ],
        [
            0.07897905572823549,
            0.21227222171524374,
            0.6559756646677177,
            -0.4368973316643032,
            0.6256873445773176,
            -0.4883001206283165,
            0.4233191002243676
        ],
        [
