{
    "start_pose": [
        0.01844867282930906,
        0.019646002376282112,
        0.6188123184399946,
        0.007989618186866585,
        -0.014023130236450743,
        -0.9995248178079632,
        0.026261310050294234
    ],
    "goals": [
        [
            0.020287507276217084,
            0.019998989901800934,
            0.653309947809912,
            0.004513407494581844,
            -0.0449145476493793,
            -0.9989806132531246,
            0.00021657943200435265
        ],
        [
            0.02039574594317983,
            0.01930358814182609,
            0.7093843004952181,
            0.007124833187611307,
            -0.039050675151670156,
            -0.9991153497137977,
            0.01388522554814854
        ],
        [
            0.02444606676905769,
            0.022694612824567972,
            0.7158811987670486,
            0.031077058877021977,
            -0.06292078423037739,
            -0.997451107633411,
            0.012902682057207591
        ],
        [
            0.028627093597948013,
            0.025900405985917696,
            0.7112110991981688,
            0.13436187206609154,
            -0.11746501450071256,
            -0.9839361131307066,
            0.004310798125739499
        ],
        [
            0.043288253005359205,
            0.03023753949480379,
            0.7118827350819084,
            -0.221184537846117,
            0.1372492163025123,
            0.9651572677116681,
            0.026673984057371758
        ],
        [
            0.08247719930062236,
            0.0345712226091347,
            0.7192177527042702,
            0.23746247171120374,
            -0.1173344356167717,
            -0.9642633876937554,
            0.006350110287337658
        ],
        [
            0.1175041791660364,
            0.03667333433691333,
            0.7221538809266231,
            0.26987922754284205,
            -0.11759480642174858,
            -0.9554618152067024,
            0.020721576325743438
        ],
        [
            0.15260006081533728,
            0.034407568273590594,
            0.7130419576113733,
            0.2960651586311964,
            -0.1270468043970795,
            -0.9466166415833451,
            0.011021125833773834
        ],
        [
            0.17649706831125167,
            0.02626340723243492,
            0.7085636414085363,
            0.30130393901150404,
            -0.11241475332778583,
            -0.9463531682418169,
            0.031536336646483094
        ],
        [
            0.1986830897378361,
            0.026277318907567793,
            0.6987511133929851,
            0.3148420562885651,
            -0.10938525846492253,
            -0.9421199809416789,
            0.03632198140246035
        ],
        [
            0.20733005988101028,
            0.029117882030176956,
            0.7078812412720269,
            0.3184718241690699,
            -0.1073367572895847,
            -0.9407627366714783,
            0.04494431037819717
        ],
        [
            0.21067750925177775,
            0.035303001322917416,
            0.7236437736983818,
            0.32550950988802724,
            -0.1293021377993826,
            -0.9362606383656599,
            0.027212739297858043
        ],
        [
            0.2072102498285866,
            0.03401180658066183,
            0.751090069682385,
            0.3427662686658349,
            -0.12270327693921401,
            -0.9298950792658007,
            0.052443612104135055
        ],
        [
            0.20253792272663296,
            0.031509823314115115,
            0.7444793791427423,
            0.3495909548142032,
            -0.12059847769935406,
            -0.9275439852255232,
            0.05389180791777117
        ],
        [
            0.20069430259617604,
            0.030390161750945777,
            0.7120731704459197,
            0.3767202469509527,
            -0.10974379047195815,
            -0.91857845480003,
            0.047452906836671895
        ],
        [
            0.20241432886592414,
            0.040719193080619664,
            0.6971022198088105,
            0.339857426828043,
            -0.12703908318271284,
            -0.9313842481674611,
            0.029688095921595527
        ],
        [
            0.21042795084437615,
            0.04550176073780898,
            0.7122459343103277,
            0.33840092649494263,
            -0.10947554457753284,
            -0.9338454108002194,
            0.03785058538762515
        ],
        [
            0.2057587271825484,
            0.04160960157463178,
            0.7505491558624208,
            0.33779913300652925,
            -0.07845805572318276,
            -0.9354010543548988,
            0.06899961408528611
        ],
        [
            0.2039331298865642,
            0.044948997461796925,
            0.7655021440869552,
            0.3620571668741957,
            -0.09422755899425872,
            -0.9242613567038648,
            0.07600473370090426
        ],
        [
            0.2034974682327707,
            0.048889091178111466,
            0.7341657178134586,
            0.36919836843116727,
            -0.1052389961295116,
            -0.9216683533133238,
            0.056078203806150334
        ],
        [
            0.198855799183973,
            0.05178898995336356,
            0.7115932933710434,
            0.3769041097782555,
            -0.11025946389345842,
            -0.9188814217742439,
            0.03798783189828038
        ],
        [
            0.19910148347085976,
            0.05467922662085867,
            0.7102749278914589,
            0.3722451486504819,
            -0.1028240547816972,
            -0.9218226208711112,
            0.033223767317191066
        ],
        [
            0.19758417240134563,
            0.057546170009079245,
            0.7068589494928429,
            0.36943995574328303,
            -0.10965977765940982,
            -0.9225119954673621,
            0.021458575975964973
        ],
        [
            0.2060580372725731,
            0.06059052633966322,
            0.7198948819472797,
            0.34791486800463,
            -0.10451493997029926,
            -0.9310330467344037,
            0.03477553497474063
        ],
        [
            0.20424044679526665,
            0.057496040484117605,
            0.7611009487628826,
            0.3468625905680311,
            -0.07916312512129242,
            -0.9318520714621165,
            0.0712127783282416
        ],
        [
            0.20327708196560024,
            0.06047632676643366,
            0.7737559961092957,
            0.3624773743374392,
            -0.09969541396633275,
            -0.9237706690607972,
            0.07292961339870742
        ],
        [
            0.2031771814172454,
            0.06372124981356653,
            0.7279554292884812,
            0.3532593754522702,
            -0.10745035526826474,
            -0.9287501807928485,
            0.03294444543540968
        ],
        [
            0.2022729086218834,
            0.0634792678581173,
            0.7228931924280162,
            0.3499390462868464,
            -0.09692172647584751,
            -0.9309560919713601,
            0.038335331512921726
        ],
        [
            0.1947292996150206,
            0.06316649938355268,
            0.7230759390726176,
            0.3404921294820065,
            -0.095528214081256,
            -0.9345449517352172,
            0.039562649828777816
        ],
        [
            0.14890234246191392,
            0.06072111519752976,
            0.7355083939373436,
            0.3041874460175357,
            -0.14637564276449422,
            -0.9412239475740461,
            0.01190165550414733
        ],
        [
            0.07762079921184073,
            0.05511486523497122,
            0.7477393176279501,
            -0.2957042743016775,
            0.12484899471396804,
            0.9470361986484058,
