{
    "start_pose": [
        -0.007975596300357938,
        0.007902676303352507,
        0.6192360284957011,
        -0.0020572368992152596,
        0.00031836295671427983,
        -0.999384909694403,
        0.03500669502363274
    ],
    "goals": [
        [
            0.0003557367026823478,
            0.011283925699071884,
            0.6521885392317721,
            0.02546780352646069,
            -0.02937288160531737,
            -0.9981376110077037,
            0.04700993832766806
        ],
        [
            0.00028041403516176466,
            0.013538419649058997,
            0.7071682439208788,
            0.045977662558150445,
            -0.03586825014450801,
            -0.9963384530695667,
            0.0625236764130445
        ],
        [
            0.0019533927694829712,
            0.01792309835582384,
            0.7612637752013927,
            0.052668279844966435,
            -0.049483614083244976,
            -0.9948068645096434,
            0.07167096036697707
        ],
        [
            0.0010714533287302609,
            0.027274168080882566,
            0.7910337867731752,
            0.12805367368301848,
            -0.0801336426853686,
            -0.985929361644444,
            0.0715831671109632
        ],
        [
            -0.0036905279201766604,
            0.03507379173358549,
            0.7943666088714904,
            0.26842411995810594,
            -0.11032390517092971,
            -0.9549392272993684,
            0.06219485458972783
        ],
        [
            0.0026484348320864283,
            0.04567759904057056,
            0.7900001359390758,
            0.32084492830549305,
            -0.11442385664435595,
            -0.938161090263316,
            0.06180195569091407
        ],
        [
            0.030378866542661195,
            0.06605067381110064,
            0.7965760182755651,
            0.35853823246077243,
            -0.1278380830096666,
            -0.9232668850518062,
            0.05182682088507405
        ],
        [
            0.09138316254862,
            0.09025485437211844,
            0.8073070174713082,
            0.3786239233994645,
            -0.1572502606846795,
            -0.9109764264205863,
            0.04514676788182098
        ],
        [
            0.13657213056963224,
            0.10269022482961088,
            0.8118009522298647,
            0.39007807564795344,
            -0.15661631962040767,
            -0.9057181286134569,
            0.05463602134384432
        ],
        [
            0.1558215104861158,
            0.10673631756110724,
            0.8145178818694998,
            0.3925092122399586,
            -0.15592447219933125,
            -0.9048925428968083,
            0.05285416810313707
        ],
        [
            0.1779436034117322,
            0.10751884227048125,
            0.8171007467456772,
            0.40068295492192596,
            -0.1554887289695006,
            -0.9014907686421433,
            0.050900086949630934
        ],
        [
            0.19668568268694042,
            0.11336325032512962,
            0.8179595570986413,
            0.4076463944794753,
            -0.18509868033600974,
            -0.893039470414766,
            0.04520398087631335
        ],
        [
            0.20122886313268007,
            0.12034281489153931,
            0.8338785691523145,
            0.42561851485069757,
            -0.17194110751614455,
            -0.887592540607348,
            0.038270317748899725
        ],
        [
            0.2028595537160892,
            0.12777927393358546,
            0.8678384888613517,
            0.44330882720433296,
            -0.16400741348236636,
            -0.8798646006799311,
            0.04916438259440156
        ],
        [
            0.1980215352452943,
            0.1237851586801294,
            0.8632360684229199,
            0.44927969334052464,
            -0.17347950125078015,
            -0.8745939134262545,
            0.056018803944513494
        ],
        [
            0.1973267397100824,
            0.11890769858013706,
            0.826316197681466,
            0.4281301732062103,
            -0.16029762103204526,
            -0.888300370722783,
            0.04395086865641432
        ],
        [
            0.19735679880461843,
            0.1222445831954393,
            0.8155995589056162,
            0.42420099042060583,
            -0.16075822296706854,
            -0.8903129055960847,
            0.039411211649783624
        ],
        [
            0.20369308891496218,
            0.1391157404786123,
            0.8449525707763553,
            0.43134759700743386,
            -0.17704907032733574,
            -0.8833959722750686,
            0.046951394231953054
        ],
        [
            0.204147233460774,
            0.14680892941890034,
            0.8742989457954696,
            0.45216646904018476,
            -0.17133362889956028,
            -0.8732088328216611,
            0.06079972175982941
        ],
        [
            0.19999770982028497,
            0.14445833366074268,
            0.8436918641938655,
            0.45306660492706136,
            -0.19838247153036503,
            -0.8686181707572803,
            0.02962296270877891
        ],
        [
            0.19797411116460106,
            0.13920246396926161,
            0.8113924857441711,
            0.44019237243059295,
            -0.14849492684511312,
            -0.8846902271269993,
            0.038770271873807174
        ],
        [
            0.2010939756066954,
            0.14567538516648781,
            0.8228949729105337,
            0.42490244716000225,
            -0.15631360444817533,
            -0.8909305311383889,
            0.035591517912690954
        ],
        [
            0.20323117993851447,
            0.1521120477094985,
            0.8662688755951254,
            0.4711628785891099,
            -0.1348523667420758,
            -0.8698582500523087,
            0.056276156937194406
        ],
        [
            0.19818392432998377,
            0.15269405877817388,
            0.8503852539672465,
            0.492006689780006,
            -0.15788378887966414,
            -0.8553960885804002,
            0.03605077061694097
        ],
        [
            0.1973507684786553,
            0.15424825145241394,
            0.8080085736871588,
            0.4480859626855543,
            -0.146655551454837,
            -0.8812601929909503,
            0.03303924214008624
        ],
        [
            0.1972895128954696,
            0.15711209992312858,
            0.805130028788243,
            0.4350263815466321,
            -0.1680593325119113,
            -0.8839425337764959,
            0.033966234629160645
        ],
        [
            0.19300669242849577,
            0.1585398270484666,
            0.8106978631137246,
            0.42294026315905825,
            -0.1653107898970172,
            -0.890186230066796,
            0.03691005746454703
        ],
        [
            0.14474613962635863,
            0.14543326470781925,
            0.8195909010117615,
            0.410766144734064,
            -0.17009467179753912,
            -0.8955867486822406,
            0.016228140718343012
        ],
        [
            0.0601219914689236,
            0.1235029497971466,
            0.8332584527466159,
            0.3484302775092511,
            -0.19448079078692004,
            -0.9166373773959409,
            0.02344103432896428
        ]
    ]
}