{
    "start_pose": [
        0.10717264858508924,
        0.0309506937228321,
        0.5506258883605348,
        0.021312152321177176,
        -0.7035186228215238,
        -0.7101620973271443,
        0.01664737296564496
    ],
    "goals": [
        [
            0.11569190113266947,
            0.029091504685280545,
            0.6538773700515411,
            -0.018800517256668023,
            0.7468192244815038,
            0.664539782850742,
            0.017159938939722962
        ],
        [
            0.1125713659274129,
            0.03518022491581663,
            0.7014687018970808,
            0.03965409585227043,
            -0.7716948895976068,
            -0.6347216861805162,
            0.006552186141917825
        ],
        [
            0.11255838960778752,
            0.03319623680158901,
            0.7223313015568571,
            -0.037296176461678696,
            0.7797895713312234,
            0.6249294892330118,
            0.0005942654065216389
        ],
        [
            0.11190445771888868,
            0.033226354755075294,
            0.7264960373674139,
            -0.022439555130565114,
            0.8628960672513455,
            0.5046163851342714,
            0.01640571064371268
        ],
        [
            0.10905747211980699,
            0.02981061716147715,
            0.743494125550163,
            0.02068779495956432,
            0.9001817144806566,
            0.4273274780958509,
            0.08146239941602605
        ],
        [
            0.11625839738128574,
            0.047307074459777554,
            0.7369950585757749,
            0.031256545821187615,
            0.9737913609086111,
            0.22207705881218817,
            0.03788395059138649
        ],
        [
            0.10907692033756966,
            0.0658973365438813,
            0.7323673576049815,
            0.026392461991913845,
            0.9960564944913379,
            -0.021140110765376252,
            0.08202434668109149
        ],
        [
            0.10953184887687695,
            0.06446870373609137,
            0.7245674579038115,
            0.060454566927585586,
            0.988340624929833,
            -0.11382905860115894,
            0.08106170408324079
        ],
        [
            0.11018190154881202,
            0.06135701346892786,
            0.722197371726985,
            0.06061566148217185,
            0.9890043752403974,
            -0.11333876568588018,
            0.0731465073071231
        ],
        [
            0.10725779256965984,
            0.05598935126695559,
            0.7091295756320444,
            0.041266287894490085,
            0.9891088197264023,
            -0.10861501911938991,
            0.09035271907666528
        ],
        [
            0.11117758277172551,
            0.03329605976036942,
            0.6868655664818056,
            0.03875038018717877,
            0.9949810945172906,
            -0.042938445226911585,
            0.08165365582764847
        ],
        [
            0.12285743396532256,
            0.0008210938451911343,
            0.6715317954308991,
            -0.02053913734081094,
            0.9954237710024997,
            0.04613089743634097,
            0.08112706245252856
        ],
        [
            0.12651829587896757,
            -0.03855375589671994,
            0.6638797247751713,
            -0.051228507149815486,
            0.9551262554418637,
            0.273905846339604,
            0.1004244171593203
        ],
        [
            0.1254621107824847,
            -0.057033500572220674,
            0.6611709790786024,
            -0.060688384567961266,
            0.9499677798816555,
            0.28675059578189976,
            0.10794550932751044
        ],
        [
            0.12726527526038878,
            -0.06242308585870182,
            0.6561631217948165,
            -0.09819833130599859,
            0.9665837075174488,
            0.21056999211362695,
            0.10832036979168265
        ],
        [
            0.13606149728756067,
            -0.07191967082532791,
            0.6481913807255308,
            -0.09922589884427808,
            0.9795387999500733,
            0.14312977312705136,
            0.10085548292241807
        ],
        [
            0.13661071869129238,
            -0.09433663693113559,
            0.655158191356958,
            -0.12584240856255266,
            0.9612323346720147,
            0.2221027891646574,
            0.10424220850232702
        ],
        [
            0.14171597894754207,
            -0.10042743423959366,
            0.6590200268859567,
            -0.15308003618452512,
            0.9667016692253115,
            0.17721974688122766,
            0.10318694953381509
        ],
        [
            0.13889463298806548,
            -0.10291935760242077,
            0.6701535438201507,
            -0.1637650926911852,
            0.953275553752757,
            0.2354819935997318,
            0.09484167714416251
        ],
        [
            0.12668883472556658,
            -0.07556425054622162,
            0.6771825059761276,
            -0.16836602080504984,
            0.9515633211635037,
            0.23535954307413812,
            0.10385573811056238
        ],
        [
            0.09802311286662024,
            -0.05020393262787537,
            0.6840665144013878,
            -0.12462319903184246,
            0.9568785606251524,
            0.23819089857010206,
            0.11007985427576274
        ],
        [
            0.0875935407658992,
            -0.022695206365587084,
            0.6818270320324793,
            -0.10363966699637689,
            0.9719367455057235,
            0.18159489945727358,
            0.10780108836057513
        ],
        [
            0.09273236075999458,
            -0.036989611715222526,
            0.6746252252819922,
            -0.10892305632306623,
            0.9653318928951045,
            0.21318575820184968,
            0.10402853868386097
        ],
        [
            0.10104788867743608,
            -0.07428453686272996,
            0.6574810035740158,
            -0.13664685399368973,
            0.9435563510836577,
            0.28402919577469116,
            0.10176672133317118
        ],
        [
            0.11846807677216897,
            -0.09363156252967686,
            0.6479537877201185,
            -0.15951561703579908,
            0.9632246786164536,
            0.19411493190368248,
            0.09524904008936744
        ],
        [
            0.1339392596207677,
            -0.11385421415474495,
            0.6487320042891208,
            -0.16550811927835357,
            0.9678239244011142,
            0.17001668619450985,
            0.08377493793018535
        ],
        [
            0.13428580417887714,
            -0.11709286405109898,
            0.654007126717363,
            -0.1920463228501927,
            0.961094748204221,
            0.17991273858329607,
            0.08394344137241039
        ],
        [
            0.13112665308166715,
            -0.11022324532047967,
            0.6685349934567704,
            -0.1521073997861368,
            0.9506271037789227,
            0.2529764463293696,
            0.0957829112825508
        ],
        [
            0.12853864623783995,
            -0.06642262769434737,
            0.6811242848787744,
            -0.12002591135443372,
            0.960125031203175,
            0.23625295893385848,
            0.08909682629384716
        ],
        [
            0.12852078253644816,
            -0.023219134481357706,
            0.6816011437274931,
            -0.0820100125682134,
            0.9671939876943902,
            0.2262271755733451,
            0.0814334884337676
        ],
        [
            0.13494184082275817,
            -0.02722516814776932,
            0.6648891147649832,
            -0.0649240170341842,
            0.9582715289212779,
            0.26590723297940666,
            0.08242507094480753
